day,stable,fleet_alarm_pct,alarm_pct_A,alarm_pct_B,alarm_pct_C,alarm_pct_D,alarm_pct_E,alarm_pct_F,alarm_pct_G,alarm_pct_H,fleet_shift_Temperature,fleet_shift_Humidity,fleet_shift_Pressure,fleet_shift_Gas,fleet_shift_Light,stable_A,stable_B,stable_C,stable_D,stable_E,stable_F,stable_G,stable_H
03-24,False,77.34806629834254,100.0,,100.0,87.87878787878788,57.57575757575758,65.51724137931035,53.57142857142857,,0.6645000000000001,-0.869,0.76,1.322,0.044,False,False,False,False,False,False,False,False
03-25,False,34.762456546929315,34.02777777777778,,27.083333333333332,72.91666666666667,25.0,26.38888888888889,23.076923076923077,,0.6835,-0.845,0.813,0.8685,0.1335,False,False,False,False,False,False,False,False
03-26,False,27.677725118483412,13.986013986013987,0.0,44.75524475524475,65.73426573426573,32.16783216783217,9.090909090909092,22.22222222222222,15.972222222222221,0.6575,-0.7410000000000001,0.8714999999999999,0.5415,0.034,False,False,False,False,False,False,False,False
03-27,False,23.110338835794963,4.166666666666667,0.0,41.666666666666664,90.97222222222223,27.083333333333332,20.833333333333332,0.0,0.0,0.5369999999999999,-0.2165,0.829,0.634,0.003,False,False,False,False,False,False,False,False
03-28,False,0.9632224168126094,0.0,0.0,4.166666666666667,3.4722222222222223,0.0,0.0,0.0,0.0,0.615,-0.15000000000000002,0.4105,0.3145,-0.011,False,True,False,False,False,False,False,True
03-29,True,0.0,0.0,0.0,0.0,0.0,0.0,0.0,0.0,0.0,0.356,0.11449999999999999,-0.0535,0.1855,-0.014,False,True,True,True,True,False,False,True
03-30,True,3.2710280373831777,0.0,14.393939393939394,0.0,0.0,0.0,0.0,0.0,14.414414414414415,0.138,-0.3,-0.2545,-0.26,0.0045000000000000005,True,True,True,True,True,True,True,True
03-31,False,0.8356545961002786,0.0,0.7092198581560284,0.6993006993006993,3.4965034965034967,0.6944444444444444,0.0,0.0,1.3157894736842106,0.001,-1.1005,-0.0125,-0.1865,0.40800000000000003,False,False,False,False,False,False,False,False
04-01,False,6.653426017874876,0.0,18.75,21.52777777777778,6.25,0.0,0.0,0.0,,-0.136,-1.215,0.315,-0.031,0.016,False,False,False,False,False,False,False,False
04-02,False,17.677824267782427,0.0,36.76470588235294,29.927007299270073,33.57664233576642,15.328467153284672,8.02919708029197,0.0,,-0.245,-1.155,0.469,0.782,-0.01,False,False,False,False,False,False,False,False
04-03,False,34.990059642147116,25.694444444444443,38.19444444444444,44.05594405594405,43.05555555555556,37.5,29.37062937062937,27.083333333333332,,-0.296,-1.066,0.624,1.081,0.003,False,False,False,False,False,False,False,False
04-04,False,45.32803180914513,31.25,68.05555555555556,9.027777777777779,81.11888111888112,52.77777777777778,60.416666666666664,14.685314685314685,,0.261,0.513,-0.007,1.38,0.023,False,False,False,False,False,False,False,False
04-05,True,0.39331366764995085,0.0,0.0,0.0,2.0833333333333335,0.0,0.0,0.0,1.1363636363636365,0.10400000000000001,0.318,-0.0905,0.0675,0.013,True,False,True,True,True,True,True,True
04-06,False,0.34995625546806647,0.0,0.0,0.0,0.0,0.0,2.797202797202797,0.0,0.0,0.1105,0.265,-0.7505,-0.07700000000000001,0.0155,False,False,False,False,False,False,False,False
04-07,False,0.2631578947368421,0.0,0.0,2.0833333333333335,0.0,0.0,0.0,0.0,0.0,-0.0485,-0.5195000000000001,-0.9755,-0.1475,0.0315,False,False,False,False,False,False,False,False
04-08,False,16.608084358523726,0.0,17.77777777777778,0.0,31.25,21.678321678321677,34.02777777777778,0.0,28.368794326241133,0.0905,-0.673,-0.579,0.5395,0.0045,False,False,False,False,False,False,False,False
04-09,False,8.362369337979095,0.0,4.195804195804196,16.083916083916083,21.52777777777778,20.13888888888889,2.797202797202797,0.6944444444444444,1.3986013986013985,-0.0485,-0.8205,0.2075,0.14500000000000002,0.073,False,False,False,False,False,False,False,False
04-10,False,23.888404533565822,0.0,31.25,2.7777777777777777,34.26573426573427,51.388888888888886,25.0,19.58041958041958,26.760563380281692,-0.1585,-0.884,0.2205,0.801,-0.013500000000000002,False,False,False,False,False,False,False,False
04-11,False,12.12914485165794,0.0,20.422535211267604,11.888111888111888,30.555555555555557,16.783216783216783,0.0,0.0,17.6056338028169,0.1595,-0.6134999999999999,-0.3495,0.5945,0.1535,False,False,False,False,False,False,False,False
04-12,False,10.846560846560847,0.0,12.587412587412587,0.0,32.16783216783217,9.027777777777779,0.0,0.0,35.11450381679389,0.269,0.6779999999999999,-0.4105,0.29100000000000004,0.026000000000000002,False,False,False,True,False,False,False,False
04-13,False,1.5845070422535212,0.0,0.0,12.5,0.0,0.0,0.0,0.0,0.0,0.35550000000000004,0.734,0.1365,-0.1545,0.3205,False,False,False,False,False,False,False,False
04-14,False,0.0,0.0,0.0,0.0,0.0,0.0,0.0,0.0,0.0,0.4295,0.5465,0.424,0.503,0.117,False,False,True,False,False,False,False,False
04-15,False,6.730769230769231,0.0,6.338028169014085,11.805555555555555,13.986013986013987,15.972222222222221,0.0,0.0,5.714285714285714,0.4295,0.626,0.589,0.458,-0.0015,False,False,False,False,False,False,False,False
04-16,False,2.2968197879858656,0.0,0.0,8.391608391608392,0.0,0.0,0.0,0.0,10.0,0.56,0.5305,0.7104999999999999,0.3215,-0.0005,False,False,False,False,False,False,False,False
04-17,True,8.12928501469148,0.0,11.029411764705882,10.416666666666666,20.833333333333332,0.0,4.166666666666667,0.6993006993006993,11.267605633802816,0.451,-0.02,0.329,0.0805,0.0015,True,True,True,False,True,False,True,True
04-18,False,3.8698328935795954,0.0,1.4388489208633093,0.0,9.090909090909092,15.217391304347826,0.0,0.0,5.594405594405594,0.3095,-0.196,0.2195,0.573,0.0005,False,True,True,False,False,True,False,False
04-19,False,19.77329974811083,0.0,36.95652173913044,0.0,43.56435643564357,42.0,9.0,0.0,28.282828282828284,0.14500000000000002,-0.157,0.203,0.7415,0.172,False,False,True,False,False,False,True,False
04-20,False,5.438066465256798,0.0,9.75609756097561,3.6144578313253013,0.0,0.0,0.0,0.0,30.864197530864196,0.784,-0.262,0.0435,-0.0235,0.831,False,False,False,False,False,False,False,False
04-21,True,2.4557956777996073,0.0,4.032258064516129,1.3888888888888888,5.555555555555555,0.0,0.6944444444444444,0.0,6.521739130434782,0.34750000000000003,-0.4525,-0.0535,0.005999999999999998,0.0245,True,True,False,False,False,True,True,False
04-22,False,18.876207199297628,45.45454545454545,0.704225352112676,2.797202797202797,15.384615384615385,4.3478260869565215,81.25,0.0,0.0,0.16699999999999998,-0.15100000000000002,-0.237,0.649,0.2385,False,False,False,False,False,False,False,False
04-23,True,1.9056261343012704,0.0,0.0,0.0,0.0,0.0,15.217391304347826,0.0,0.0,0.17149999999999999,0.098,-0.423,0.10200000000000001,0.0475,True,True,True,True,True,False,False,False
04-24,True,0.27223230490018147,0.0,0.0,2.1739130434782608,0.0,0.0,0.0,0.0,0.0,0.21800000000000003,-0.014499999999999999,-0.158,-0.038000000000000006,0.1545,True,True,True,True,True,True,False,False
04-25,False,9.21169176262179,0.0,22.794117647058822,3.5211267605633805,16.083916083916083,6.993006993006993,0.0,0.0,25.36231884057971,0.5565,-0.491,0.1705,0.533,0.265,False,False,True,False,False,False,False,False
04-26,False,4.942630185348632,0.0,6.976744186046512,3.4965034965034967,0.0,0.6944444444444444,0.0,0.0,28.87323943661972,0.404,-0.6625000000000001,0.4265,0.158,0.049,False,False,False,False,False,False,False,False
04-27,False,3.3088235294117645,0.0,16.417910447761194,4.411764705882353,1.4492753623188406,0.0,0.0,0.0,4.444444444444445,0.22749999999999998,-0.7885,0.6765000000000001,0.2285,0.187,False,False,False,False,False,False,False,False
04-28,False,4.790940766550523,0.0,24.305555555555557,0.0,2.097902097902098,0.0,0.0,0.0,11.888111888111888,0.2245,-0.7035,0.83,0.053,0.337,False,False,False,False,False,False,False,False
04-29,False,9.642857142857142,0.0,52.03252032520325,4.195804195804196,8.333333333333334,3.4965034965034967,0.0,0.0,15.217391304347826,0.219,-0.472,0.8614999999999999,0.486,0.34199999999999997,False,False,False,False,False,False,False,False
04-30,False,9.377738825591587,0.0,23.741007194244606,21.678321678321677,8.391608391608392,7.638888888888889,0.0,0.0,14.084507042253522,-0.004,-0.552,0.7615000000000001,0.635,0.034,False,False,False,False,False,False,False,False
