wall_clock,job_state,num_restarts,in_progress,completed,failed,pending_id,pending_sec,last_completed_id,last_completed_e2e_sec,last_completed_at,last_failed_id,last_failed_at,last_failed_reason
2026-10-09 09:11:24,RUNNING,0,0,4,0,,,4,0.1,09:11:01,,,
2026-10-09 09:11:39,RUNNING,0,0,5,0,,,5,0.0,09:11:31,,,
2026-10-09 09:11:54,RUNNING,0,0,5,0,,,5,0.0,09:11:31,,,
2026-10-09 09:12:09,RUNNING,0,0,6,0,,,6,0.1,09:12:01,,,
2026-10-09 09:12:24,RUNNING,0,0,6,0,,,6,0.1,09:12:01,,,
2026-10-09 09:12:39,RUNNING,0,0,7,0,,,7,0.2,09:12:31,,,
2026-10-09 09:12:55,RUNNING,0,0,7,0,,,7,0.2,09:12:31,,,
2026-10-09 09:13:10,RUNNING,0,0,8,0,,,8,0.1,09:13:01,,,
2026-10-09 09:13:25,RUNNING,0,0,8,0,,,8,0.1,09:13:01,,,
2026-10-09 09:13:40,RUNNING,0,0,9,0,,,9,0.2,09:13:31,,,
2026-10-09 09:13:55,RUNNING,0,0,9,0,,,9,0.2,09:13:31,,,
2026-10-09 09:14:10,RUNNING,0,0,10,0,,,10,0.1,09:14:01,,,
2026-10-09 09:14:25,RUNNING,0,0,10,0,,,10,0.1,09:14:01,,,
2026-10-09 09:14:40,RUNNING,0,0,11,0,,,11,0.2,09:14:31,,,
2026-10-09 09:14:55,RUNNING,0,0,11,0,,,11,0.2,09:14:31,,,
2026-10-09 09:15:10,RUNNING,0,0,12,0,,,12,0.2,09:15:01,,,
2026-10-09 09:15:25,RUNNING,0,0,12,0,,,12,0.2,09:15:01,,,
2026-10-09 09:15:40,RUNNING,0,0,13,0,,,13,0.4,09:15:31,,,
2026-10-09 09:15:55,RUNNING,0,0,13,0,,,13,0.4,09:15:31,,,
2026-10-09 09:16:10,RUNNING,0,0,14,0,,,14,0.2,09:16:01,,,
2026-10-09 09:16:25,RUNNING,0,0,14,0,,,14,0.2,09:16:01,,,
2026-10-09 09:16:41,RUNNING,0,0,15,0,,,15,0.2,09:16:31,,,
2026-10-09 09:16:56,RUNNING,0,0,15,0,,,15,0.2,09:16:31,,,
2026-10-09 09:17:11,RUNNING,0,0,16,0,,,16,0.3,09:17:01,,,
2026-10-09 09:17:26,RUNNING,0,0,16,0,,,16,0.3,09:17:01,,,
2026-10-09 09:17:41,RUNNING,0,0,17,0,,,17,0.2,09:17:31,,,
2026-10-09 09:17:56,RUNNING,0,0,17,0,,,17,0.2,09:17:31,,,
2026-10-09 09:18:11,RUNNING,0,0,18,0,,,18,0.2,09:18:01,,,
2026-10-09 09:18:26,RUNNING,0,0,18,0,,,18,0.2,09:18:01,,,
2026-10-09 09:18:41,RUNNING,0,0,19,0,,,19,0.3,09:18:31,,,
2026-10-09 09:18:56,RUNNING,0,0,19,0,,,19,0.3,09:18:31,,,
2026-10-09 09:19:11,RUNNING,0,0,20,0,,,20,0.3,09:19:01,,,
2026-10-09 09:19:26,RUNNING,0,0,20,0,,,20,0.3,09:19:01,,,
2026-10-09 09:19:41,RUNNING,0,0,21,0,,,21,0.3,09:19:31,,,
2026-10-09 09:19:56,RUNNING,0,0,21,0,,,21,0.3,09:19:31,,,
2026-10-09 09:20:11,RUNNING,0,0,22,0,,,22,0.3,09:20:01,,,
2026-10-09 09:20:26,RUNNING,0,0,22,0,,,22,0.3,09:20:01,,,
2026-10-09 09:20:42,RUNNING,0,0,23,0,,,23,0.5,09:20:31,,,
2026-10-09 09:20:57,RUNNING,0,0,23,0,,,23,0.5,09:20:31,,,
2026-10-09 09:21:12,RUNNING,0,0,24,0,,,24,0.3,09:21:01,,,
2026-10-09 09:21:27,RUNNING,0,0,24,0,,,24,0.3,09:21:01,,,
2026-10-09 09:21:42,RUNNING,0,1,24,0,25,11,24,0.3,09:21:01,,,
2026-10-09 09:21:57,RUNNING,0,1,24,0,25,26,24,0.3,09:21:01,,,
2026-10-09 09:22:12,RUNNING,0,1,24,0,25,41,24,0.3,09:21:01,,,
2026-10-09 09:22:27,RUNNING,0,1,24,0,25,56,24,0.3,09:21:01,,,
2026-10-09 09:22:42,RUNNING,0,1,24,0,25,71,24,0.3,09:21:01,,,
2026-10-09 09:22:57,RUNNING,0,1,24,0,25,86,24,0.3,09:21:01,,,
2026-10-09 09:23:12,RUNNING,0,1,24,0,25,101,24,0.3,09:21:01,,,
2026-10-09 09:23:27,RUNNING,0,1,24,0,25,116,24,0.3,09:21:01,,,
2026-10-09 09:23:42,RUNNING,0,1,24,0,25,131,24,0.3,09:21:01,,,
2026-10-09 09:23:57,RUNNING,0,1,24,0,25,146,24,0.3,09:21:01,,,
2026-10-09 09:24:12,RUNNING,0,1,24,0,25,161,24,0.3,09:21:01,,,
2026-10-09 09:24:27,RUNNING,0,1,24,0,25,177,24,0.3,09:21:01,,,
2026-10-09 09:24:42,RUNNING,0,1,24,0,25,192,24,0.3,09:21:01,,,
2026-10-09 09:24:57,RUNNING,0,1,24,0,25,207,24,0.3,09:21:01,,,
2026-10-09 09:25:12,RUNNING,0,1,24,0,25,222,24,0.3,09:21:01,,,
2026-10-09 09:25:27,RUNNING,0,1,24,0,25,237,24,0.3,09:21:01,,,
2026-10-09 09:25:43,RUNNING,0,1,24,0,25,252,24,0.3,09:21:01,,,
2026-10-09 09:25:58,RUNNING,0,1,24,0,25,267,24,0.3,09:21:01,,,
2026-10-09 09:26:13,RUNNING,0,1,24,0,25,282,24,0.3,09:21:01,,,
2026-10-09 09:26:28,RUNNING,0,1,24,0,25,297,24,0.3,09:21:01,,,
2026-10-09 09:26:43,RUNNING,0,1,24,0,25,312,24,0.3,09:21:01,,,
2026-10-09 09:26:58,RUNNING,0,1,24,0,25,327,24,0.3,09:21:01,,,
2026-10-09 09:27:13,RUNNING,0,1,24,0,25,342,24,0.3,09:21:01,,,
2026-10-09 09:27:28,RUNNING,0,1,24,0,25,357,24,0.3,09:21:01,,,
2026-10-09 09:27:43,RUNNING,0,1,24,0,25,372,24,0.3,09:21:01,,,
2026-10-09 09:27:58,RUNNING,0,1,24,0,25,387,24,0.3,09:21:01,,,
2026-10-09 09:28:13,RUNNING,0,1,24,0,25,402,24,0.3,09:21:01,,,
2026-10-09 09:28:28,RUNNING,0,1,24,0,25,417,24,0.3,09:21:01,,,
2026-10-09 09:28:43,RUNNING,0,1,24,0,25,432,24,0.3,09:21:01,,,
2026-10-09 09:28:58,RUNNING,0,1,24,0,25,447,24,0.3,09:21:01,,,
2026-10-09 09:29:13,RUNNING,0,1,24,0,25,462,24,0.3,09:21:01,,,
2026-10-09 09:29:28,RUNNING,0,1,24,0,25,477,24,0.3,09:21:01,,,
2026-10-09 09:29:43,RUNNING,0,1,24,0,25,492,24,0.3,09:21:01,,,
2026-10-09 09:29:58,RUNNING,0,1,24,0,25,508,24,0.3,09:21:01,,,
2026-10-09 09:30:13,RUNNING,0,1,24,0,25,523,24,0.3,09:21:01,,,
2026-10-09 09:30:28,RUNNING,0,1,24,0,25,538,24,0.3,09:21:01,,,
2026-10-09 09:30:43,RUNNING,0,1,24,0,25,553,24,0.3,09:21:01,,,
2026-10-09 09:30:58,RUNNING,0,1,24,0,25,568,24,0.3,09:21:01,,,
2026-10-09 09:31:14,RUNNING,0,1,24,0,25,583,24,0.3,09:21:01,,,
2026-10-09 09:31:29,RUNNING,0,1,24,0,25,598,24,0.3,09:21:01,,,
2026-10-09 09:31:44,RUNNING,0,1,24,0,25,613,24,0.3,09:21:01,,,
2026-10-09 09:31:59,RUNNING,0,1,24,0,25,628,24,0.3,09:21:01,,,
2026-10-09 09:32:14,RUNNING,0,1,24,0,25,643,24,0.3,09:21:01,,,
2026-10-09 09:32:29,RUNNING,0,1,24,0,25,658,24,0.3,09:21:01,,,
2026-10-09 09:32:44,RUNNING,0,1,24,0,25,673,24,0.3,09:21:01,,,
2026-10-09 09:32:59,RUNNING,0,1,24,0,25,688,24,0.3,09:21:01,,,
2026-10-09 09:33:14,RUNNING,0,1,24,0,25,703,24,0.3,09:21:01,,,
2026-10-09 09:33:29,RUNNING,0,1,24,0,25,718,24,0.3,09:21:01,,,
2026-10-09 09:33:44,RUNNING,0,1,24,0,25,733,24,0.3,09:21:01,,,
2026-10-09 09:33:59,RUNNING,0,1,24,0,25,748,24,0.3,09:21:01,,,
2026-10-09 09:34:14,RUNNING,0,1,24,0,25,763,24,0.3,09:21:01,,,
2026-10-09 09:34:29,RUNNING,0,1,24,0,25,778,24,0.3,09:21:01,,,
2026-10-09 09:34:44,RUNNING,0,1,24,0,25,793,24,0.3,09:21:01,,,
2026-10-09 09:34:59,RUNNING,0,1,24,0,25,808,24,0.3,09:21:01,,,
2026-10-09 09:35:14,RUNNING,0,1,24,0,25,824,24,0.3,09:21:01,,,
2026-10-09 09:35:29,RUNNING,0,1,24,0,25,839,24,0.3,09:21:01,,,
2026-10-09 09:35:44,RUNNING,0,1,24,0,25,854,24,0.3,09:21:01,,,
2026-10-09 09:35:59,RUNNING,0,1,24,0,25,869,24,0.3,09:21:01,,,
2026-10-09 09:36:14,RUNNING,0,1,24,0,25,884,24,0.3,09:21:01,,,
2026-10-09 09:36:30,RUNNING,0,1,24,0,25,899,24,0.3,09:21:01,,,
2026-10-09 09:36:45,RUNNING,0,1,24,0,25,914,24,0.3,09:21:01,,,
2026-10-09 09:37:00,RUNNING,0,1,24,0,25,929,24,0.3,09:21:01,,,
2026-10-09 09:37:15,RUNNING,0,1,24,0,25,944,24,0.3,09:21:01,,,
2026-10-09 09:37:30,RUNNING,0,1,24,0,25,959,24,0.3,09:21:01,,,
2026-10-09 09:37:45,RUNNING,0,1,24,0,25,974,24,0.3,09:21:01,,,
2026-10-09 09:38:00,RUNNING,0,1,24,0,25,989,24,0.3,09:21:01,,,
2026-10-09 09:38:15,RUNNING,0,1,24,0,25,1004,24,0.3,09:21:01,,,
2026-10-09 09:38:30,RUNNING,0,1,24,0,25,1019,24,0.3,09:21:01,,,
2026-10-09 09:38:45,RUNNING,0,1,24,0,25,1034,24,0.3,09:21:01,,,
2026-10-09 09:39:00,RUNNING,0,1,24,0,25,1049,24,0.3,09:21:01,,,
2026-10-09 09:39:15,RUNNING,0,1,24,0,25,1064,24,0.3,09:21:01,,,
2026-10-09 09:39:30,RUNNING,0,1,24,0,25,1079,24,0.3,09:21:01,,,
2026-10-09 09:39:45,RUNNING,0,1,24,0,25,1094,24,0.3,09:21:01,,,
2026-10-09 09:40:00,RUNNING,0,1,24,0,25,1109,24,0.3,09:21:01,,,
2026-10-09 09:40:15,RUNNING,0,1,24,0,25,1125,24,0.3,09:21:01,,,
2026-10-09 09:40:30,RUNNING,0,1,24,0,25,1140,24,0.3,09:21:01,,,
2026-10-09 09:40:45,RUNNING,0,1,24,0,25,1155,24,0.3,09:21:01,,,
2026-10-09 09:41:00,RUNNING,0,1,24,0,25,1170,24,0.3,09:21:01,,,
2026-10-09 09:41:15,RUNNING,0,1,24,0,25,1185,24,0.3,09:21:01,,,
2026-10-09 09:41:31,RUNNING,0,1,24,0,25,1200,24,0.3,09:21:01,,,
2026-10-09 09:41:46,RUNNING,0,1,24,0,25,1215,24,0.3,09:21:01,,,
2026-10-09 09:42:01,RUNNING,0,1,24,0,25,1230,24,0.3,09:21:01,,,
2026-10-09 09:42:16,RUNNING,0,1,24,0,25,1245,24,0.3,09:21:01,,,
2026-10-09 09:42:31,RUNNING,0,1,24,0,25,1260,24,0.3,09:21:01,,,
2026-10-09 09:42:46,RUNNING,0,1,24,0,25,1275,24,0.3,09:21:01,,,
2026-10-09 09:43:01,RUNNING,0,1,24,0,25,1290,24,0.3,09:21:01,,,
2026-10-09 09:43:16,RUNNING,0,1,24,0,25,1305,24,0.3,09:21:01,,,
2026-10-09 09:43:31,RUNNING,0,1,24,0,25,1320,24,0.3,09:21:01,,,
2026-10-09 09:43:46,RUNNING,0,1,24,0,25,1335,24,0.3,09:21:01,,,
2026-10-09 09:44:01,RUNNING,0,1,24,0,25,1350,24,0.3,09:21:01,,,
2026-10-09 09:44:16,RUNNING,0,1,24,0,25,1365,24,0.3,09:21:01,,,
2026-10-09 09:44:31,RUNNING,0,1,24,0,25,1380,24,0.3,09:21:01,,,
2026-10-09 09:44:46,RUNNING,0,1,24,0,25,1395,24,0.3,09:21:01,,,
2026-10-09 09:45:01,RUNNING,0,1,24,0,25,1410,24,0.3,09:21:01,,,
2026-10-09 09:45:16,RUNNING,0,1,24,0,25,1425,24,0.3,09:21:01,,,
2026-10-09 09:45:31,RUNNING,0,1,24,0,25,1441,24,0.3,09:21:01,,,
2026-10-09 09:45:46,RUNNING,0,1,24,0,25,1456,24,0.3,09:21:01,,,
2026-10-09 09:46:01,RUNNING,0,1,24,0,25,1471,24,0.3,09:21:01,,,
2026-10-09 09:46:16,RUNNING,0,1,24,0,25,1486,24,0.3,09:21:01,,,
2026-10-09 09:46:31,RUNNING,0,1,24,0,25,1501,24,0.3,09:21:01,,,
2026-10-09 09:46:47,RUNNING,0,1,24,0,25,1516,24,0.3,09:21:01,,,
2026-10-09 09:47:02,RUNNING,0,1,24,0,25,1531,24,0.3,09:21:01,,,
2026-10-09 09:47:17,RUNNING,0,1,24,0,25,1546,24,0.3,09:21:01,,,
2026-10-09 09:47:32,RUNNING,0,1,24,0,25,1561,24,0.3,09:21:01,,,
2026-10-09 09:47:47,RUNNING,0,1,24,0,25,1576,24,0.3,09:21:01,,,
2026-10-09 09:48:02,RUNNING,0,1,24,0,25,1591,24,0.3,09:21:01,,,
2026-10-09 09:48:17,RUNNING,0,1,24,0,25,1606,24,0.3,09:21:01,,,
2026-10-09 09:48:32,RUNNING,0,1,24,0,25,1621,24,0.3,09:21:01,,,
2026-10-09 09:48:47,RUNNING,0,1,25,0,26,9,25,1627.3,09:48:38,,,
2026-10-09 09:49:02,RUNNING,0,1,26,0,27,5,26,18.5,09:48:57,,,
2026-10-09 09:49:17,RUNNING,0,1,26,0,27,20,26,18.5,09:48:57,,,
2026-10-09 09:49:32,RUNNING,0,1,26,0,27,35,26,18.5,09:48:57,,,
2026-10-09 09:49:47,RUNNING,0,1,26,0,27,50,26,18.5,09:48:57,,,
2026-10-09 09:50:02,RUNNING,0,1,26,0,27,65,26,18.5,09:48:57,,,
2026-10-09 09:50:17,RUNNING,0,1,26,0,27,80,26,18.5,09:48:57,,,
2026-10-09 09:50:32,RUNNING,0,1,26,0,27,95,26,18.5,09:48:57,,,
2026-10-09 09:50:47,RUNNING,0,1,26,0,27,110,26,18.5,09:48:57,,,
2026-10-09 09:51:02,RUNNING,0,1,26,0,27,125,26,18.5,09:48:57,,,
2026-10-09 09:51:17,RUNNING,0,1,26,0,27,140,26,18.5,09:48:57,,,
2026-10-09 09:51:32,RUNNING,0,1,26,0,27,156,26,18.5,09:48:57,,,
2026-10-09 09:51:47,RUNNING,0,1,26,0,27,171,26,18.5,09:48:57,,,
2026-10-09 09:52:03,RUNNING,0,1,26,0,27,186,26,18.5,09:48:57,,,
2026-10-09 09:52:18,RUNNING,0,1,26,0,27,201,26,18.5,09:48:57,,,
2026-10-09 09:52:33,RUNNING,0,1,26,0,27,216,26,18.5,09:48:57,,,
2026-10-09 09:52:48,RUNNING,0,1,26,0,27,231,26,18.5,09:48:57,,,
2026-10-09 09:53:03,RUNNING,0,1,26,0,27,246,26,18.5,09:48:57,,,
2026-10-09 09:53:18,RUNNING,0,1,26,0,27,261,26,18.5,09:48:57,,,
2026-10-09 09:53:33,RUNNING,0,1,26,0,27,276,26,18.5,09:48:57,,,
2026-10-09 09:53:48,RUNNING,0,1,26,0,27,291,26,18.5,09:48:57,,,
2026-10-09 09:54:03,RUNNING,0,1,26,0,27,306,26,18.5,09:48:57,,,
2026-10-09 09:54:18,RUNNING,0,1,26,0,27,321,26,18.5,09:48:57,,,
2026-10-09 09:54:33,RUNNING,0,1,26,0,27,336,26,18.5,09:48:57,,,
2026-10-09 09:54:48,RUNNING,0,1,26,0,27,351,26,18.5,09:48:57,,,
2026-10-09 09:55:03,RUNNING,0,1,26,0,27,366,26,18.5,09:48:57,,,
2026-10-09 09:55:18,RUNNING,0,1,26,0,27,381,26,18.5,09:48:57,,,
2026-10-09 09:55:33,RUNNING,0,1,26,0,27,396,26,18.5,09:48:57,,,
2026-10-09 09:55:48,RUNNING,0,1,26,0,27,411,26,18.5,09:48:57,,,
2026-10-09 09:56:03,RUNNING,0,1,26,0,27,426,26,18.5,09:48:57,,,
2026-10-09 09:56:18,RUNNING,0,1,26,0,27,441,26,18.5,09:48:57,,,
2026-10-09 09:56:33,RUNNING,0,1,26,0,27,456,26,18.5,09:48:57,,,
2026-10-09 09:56:48,RUNNING,0,1,26,0,27,472,26,18.5,09:48:57,,,
2026-10-09 09:57:03,RUNNING,0,1,26,0,27,487,26,18.5,09:48:57,,,
2026-10-09 09:57:19,RUNNING,0,1,26,0,27,502,26,18.5,09:48:57,,,
2026-10-09 09:57:34,RUNNING,0,1,26,0,27,517,26,18.5,09:48:57,,,
2026-10-09 09:57:49,RUNNING,0,1,26,0,27,532,26,18.5,09:48:57,,,
2026-10-09 09:58:04,RUNNING,0,1,26,0,27,547,26,18.5,09:48:57,,,
2026-10-09 09:58:19,RUNNING,0,1,26,0,27,562,26,18.5,09:48:57,,,
2026-10-09 09:58:34,RUNNING,0,1,26,0,27,577,26,18.5,09:48:57,,,
2026-10-09 09:58:49,RUNNING,0,1,26,0,27,592,26,18.5,09:48:57,,,
2026-10-09 09:59:04,RUNNING,0,1,26,0,27,607,26,18.5,09:48:57,,,
2026-10-09 09:59:19,RUNNING,0,1,26,0,27,622,26,18.5,09:48:57,,,
2026-10-09 09:59:34,RUNNING,0,1,26,0,27,637,26,18.5,09:48:57,,,
2026-10-09 09:59:49,RUNNING,0,1,26,0,27,652,26,18.5,09:48:57,,,
2026-10-09 10:00:04,RUNNING,0,1,26,0,27,667,26,18.5,09:48:57,,,
2026-10-09 10:00:19,RUNNING,0,1,26,0,27,682,26,18.5,09:48:57,,,
2026-10-09 10:00:34,RUNNING,0,1,26,0,27,697,26,18.5,09:48:57,,,
2026-10-09 10:00:49,RUNNING,0,1,26,0,27,712,26,18.5,09:48:57,,,
2026-10-09 10:01:04,RUNNING,0,1,26,0,27,727,26,18.5,09:48:57,,,
2026-10-09 10:01:19,RUNNING,0,1,26,0,27,742,26,18.5,09:48:57,,,
2026-10-09 10:01:34,RUNNING,0,1,26,0,27,757,26,18.5,09:48:57,,,
2026-10-09 10:01:49,RUNNING,0,1,26,0,27,773,26,18.5,09:48:57,,,
2026-10-09 10:02:05,RUNNING,0,1,26,0,27,788,26,18.5,09:48:57,,,
2026-10-09 10:02:20,RUNNING,0,1,26,0,27,803,26,18.5,09:48:57,,,
2026-10-09 10:02:35,RUNNING,0,1,26,0,27,818,26,18.5,09:48:57,,,
2026-10-09 10:02:50,RUNNING,0,1,26,0,27,833,26,18.5,09:48:57,,,
2026-10-09 10:03:05,RUNNING,0,1,89,0,90,0,89,0.1,10:03:04,,,
2026-10-09 10:03:20,RUNNING,0,0,108,0,,,108,0.1,10:03:07,,,
2026-10-09 10:03:35,RUNNING,0,0,109,0,,,109,0.1,10:03:31,,,
2026-10-09 10:03:50,RUNNING,0,0,109,0,,,109,0.1,10:03:31,,,
2026-10-09 10:04:05,RUNNING,0,0,110,0,,,110,0.1,10:04:01,,,
2026-10-09 10:04:20,RUNNING,0,0,110,0,,,110,0.1,10:04:01,,,
2026-10-09 10:04:35,RUNNING,0,0,111,0,,,111,0.1,10:04:31,,,
2026-10-09 10:04:50,RUNNING,0,0,111,0,,,111,0.1,10:04:31,,,
2026-10-09 10:05:05,RUNNING,0,0,112,0,,,112,0.1,10:05:01,,,
2026-10-09 10:05:20,RUNNING,0,0,112,0,,,112,0.1,10:05:01,,,
2026-10-09 10:05:35,RUNNING,0,0,113,0,,,113,0.1,10:05:31,,,
2026-10-09 10:05:50,RUNNING,0,0,113,0,,,113,0.1,10:05:31,,,
2026-10-09 10:06:05,RUNNING,0,0,114,0,,,114,0.1,10:06:01,,,
2026-10-09 10:06:20,RUNNING,0,0,114,0,,,114,0.1,10:06:01,,,
2026-10-09 10:06:35,RUNNING,0,0,115,0,,,115,0.1,10:06:31,,,
2026-10-09 10:06:50,RUNNING,0,0,115,0,,,115,0.1,10:06:31,,,
2026-10-09 10:07:06,RUNNING,0,0,116,0,,,116,0.1,10:07:01,,,
2026-10-09 10:07:21,RUNNING,0,0,116,0,,,116,0.1,10:07:01,,,
2026-10-09 10:07:36,RUNNING,0,0,117,0,,,117,0.1,10:07:31,,,
2026-10-09 10:07:51,RUNNING,0,0,117,0,,,117,0.1,10:07:31,,,
2026-10-09 10:08:06,RUNNING,0,0,118,0,,,118,0.1,10:08:01,,,
2026-10-09 10:08:21,RUNNING,0,0,118,0,,,118,0.1,10:08:01,,,
2026-10-09 10:08:36,RUNNING,0,0,119,0,,,119,0.1,10:08:31,,,
2026-10-09 10:08:51,RUNNING,0,0,119,0,,,119,0.1,10:08:31,,,
2026-10-09 10:09:06,RUNNING,0,0,120,0,,,120,0.1,10:09:01,,,
2026-10-09 10:09:21,RUNNING,0,0,120,0,,,120,0.1,10:09:01,,,
2026-10-09 10:09:36,RUNNING,0,0,121,0,,,121,0.1,10:09:31,,,
2026-10-09 10:09:51,RUNNING,0,0,121,0,,,121,0.1,10:09:31,,,
2026-10-09 10:10:06,RUNNING,0,0,122,0,,,122,0.1,10:10:01,,,
2026-10-09 10:10:21,RUNNING,0,0,122,0,,,122,0.1,10:10:01,,,
2026-10-09 10:10:36,RUNNING,0,0,123,0,,,123,0.1,10:10:31,,,
2026-10-09 10:10:51,RUNNING,0,0,123,0,,,123,0.1,10:10:31,,,
2026-10-09 10:11:06,RUNNING,0,1,123,0,124,6,123,0.1,10:10:31,,,
2026-10-09 10:11:21,RUNNING,0,1,123,0,124,21,123,0.1,10:10:31,,,
2026-10-09 10:11:37,RUNNING,0,1,124,0,125,6,124,21.0,10:11:22,,,
2026-10-09 10:11:52,RUNNING,0,1,124,0,125,21,124,21.0,10:11:22,,,
2026-10-09 10:12:07,RUNNING,0,1,124,0,125,36,124,21.0,10:11:22,,,
2026-10-09 10:12:22,RUNNING,0,1,125,0,126,15,125,36.0,10:12:07,,,
2026-10-09 10:12:37,RUNNING,0,1,125,0,126,30,125,36.0,10:12:07,,,
2026-10-09 10:12:52,RUNNING,0,1,126,0,127,7,126,38.4,10:12:45,,,
2026-10-09 10:13:07,RUNNING,0,1,126,0,127,22,126,38.4,10:12:45,,,
2026-10-09 10:13:22,RUNNING,0,1,126,0,127,37,126,38.4,10:12:45,,,
2026-10-09 10:13:37,RUNNING,0,0,129,0,,,129,0.2,10:13:31,,,
2026-10-09 10:13:52,RUNNING,0,0,129,0,,,129,0.2,10:13:31,,,
2026-10-09 10:14:07,RUNNING,0,0,130,0,,,130,0.4,10:14:01,,,
2026-10-09 10:14:22,RUNNING,0,0,130,0,,,130,0.4,10:14:01,,,
2026-10-09 10:14:37,RUNNING,0,1,130,0,131,6,130,0.4,10:14:01,,,
2026-10-09 10:14:52,RUNNING,0,1,130,0,131,21,130,0.4,10:14:01,,,
2026-10-09 10:15:07,RUNNING,0,1,130,0,131,37,130,0.4,10:14:01,,,
2026-10-09 10:15:22,RUNNING,0,1,130,0,131,52,130,0.4,10:14:01,,,
2026-10-09 10:15:37,RUNNING,0,1,130,0,131,67,130,0.4,10:14:01,,,
2026-10-09 10:15:53,RUNNING,0,1,130,0,131,82,130,0.4,10:14:01,,,
2026-10-09 10:16:08,RUNNING,0,1,130,0,131,97,130,0.4,10:14:01,,,
2026-10-09 10:16:23,RUNNING,0,1,130,0,131,112,130,0.4,10:14:01,,,
2026-10-09 10:16:38,RUNNING,0,1,130,0,131,127,130,0.4,10:14:01,,,
2026-10-09 10:16:53,RUNNING,0,1,130,0,131,142,130,0.4,10:14:01,,,
2026-10-09 10:17:08,RUNNING,0,1,130,0,131,157,130,0.4,10:14:01,,,
2026-10-09 10:17:23,RUNNING,0,1,130,0,131,172,130,0.4,10:14:01,,,
2026-10-09 10:17:38,RUNNING,0,1,130,0,131,187,130,0.4,10:14:01,,,
2026-10-09 10:17:53,RUNNING,0,1,131,0,132,13,131,189.1,10:17:40,,,
2026-10-09 10:18:08,RUNNING,0,1,131,0,132,28,131,189.1,10:17:40,,,
2026-10-09 10:18:23,RUNNING,0,1,131,0,132,43,131,189.1,10:17:40,,,
2026-10-09 10:18:38,RUNNING,0,1,131,0,132,58,131,189.1,10:17:40,,,
2026-10-09 10:18:53,RUNNING,0,1,131,0,132,73,131,189.1,10:17:40,,,
2026-10-09 10:19:08,RUNNING,0,1,131,0,132,88,131,189.1,10:17:40,,,
2026-10-09 10:19:23,RUNNING,0,1,131,0,132,104,131,189.1,10:17:40,,,
2026-10-09 10:19:38,RUNNING,0,1,131,0,132,119,131,189.1,10:17:40,,,
2026-10-09 10:19:54,RUNNING,0,1,131,0,132,134,131,189.1,10:17:40,,,
2026-10-09 10:20:09,RUNNING,0,1,131,0,132,149,131,189.1,10:17:40,,,
2026-10-09 10:20:24,RUNNING,0,1,131,0,132,164,131,189.1,10:17:40,,,
2026-10-09 10:20:39,RUNNING,0,1,131,0,132,179,131,189.1,10:17:40,,,
2026-10-09 10:20:54,RUNNING,0,1,131,0,132,194,131,189.1,10:17:40,,,
2026-10-09 10:21:09,RUNNING,0,1,131,0,132,209,131,189.1,10:17:40,,,
2026-10-09 10:21:24,RUNNING,0,1,132,0,133,1,132,222.7,10:21:23,,,
2026-10-09 10:21:39,RUNNING,0,1,132,0,133,16,132,222.7,10:21:23,,,
2026-10-09 10:21:54,RUNNING,0,1,132,0,133,31,132,222.7,10:21:23,,,
2026-10-09 10:22:09,RUNNING,0,1,132,0,133,46,132,222.7,10:21:23,,,
2026-10-09 10:22:24,RUNNING,0,1,133,0,134,4,133,57.5,10:22:20,,,
2026-10-09 10:22:39,RUNNING,0,1,133,0,134,19,133,57.5,10:22:20,,,
2026-10-09 10:22:54,RUNNING,0,1,133,0,134,34,133,57.5,10:22:20,,,
2026-10-09 10:23:09,RUNNING,0,1,133,0,134,49,133,57.5,10:22:20,,,
2026-10-09 10:23:24,RUNNING,0,1,133,0,134,64,133,57.5,10:22:20,,,
2026-10-09 10:23:39,RUNNING,0,1,133,0,134,79,133,57.5,10:22:20,,,
2026-10-09 10:23:54,RUNNING,0,1,133,0,134,94,133,57.5,10:22:20,,,
2026-10-09 10:24:10,RUNNING,0,1,133,0,134,109,133,57.5,10:22:20,,,
2026-10-09 10:24:25,RUNNING,0,1,133,0,134,124,133,57.5,10:22:20,,,
2026-10-09 10:24:40,RUNNING,0,1,133,0,134,139,133,57.5,10:22:20,,,
2026-10-09 10:24:55,RUNNING,0,1,133,0,134,154,133,57.5,10:22:20,,,
2026-10-09 10:25:10,RUNNING,0,1,133,0,134,169,133,57.5,10:22:20,,,
2026-10-09 10:25:25,RUNNING,0,1,133,0,134,184,133,57.5,10:22:20,,,
2026-10-09 10:25:40,RUNNING,0,1,133,0,134,200,133,57.5,10:22:20,,,
2026-10-09 10:25:55,RUNNING,0,1,133,0,134,215,133,57.5,10:22:20,,,
2026-10-09 10:26:10,RUNNING,0,1,133,0,134,230,133,57.5,10:22:20,,,
2026-10-09 10:26:25,RUNNING,0,1,133,0,134,245,133,57.5,10:22:20,,,
2026-10-09 10:26:40,RUNNING,0,1,134,0,135,13,134,246.7,10:26:27,,,
2026-10-09 10:26:55,RUNNING,0,1,134,0,135,28,134,246.7,10:26:27,,,
2026-10-09 10:27:10,RUNNING,0,1,135,0,136,14,135,29.1,10:26:56,,,
2026-10-09 10:27:25,RUNNING,0,1,135,0,136,29,135,29.1,10:26:56,,,
2026-10-09 10:27:40,RUNNING,0,1,135,0,136,44,135,29.1,10:26:56,,,
2026-10-09 10:27:55,RUNNING,0,1,135,0,136,59,135,29.1,10:26:56,,,
2026-10-09 10:28:10,RUNNING,0,1,136,0,137,9,136,64.5,10:28:01,,,
2026-10-09 10:28:25,RUNNING,0,1,136,0,137,24,136,64.5,10:28:01,,,
2026-10-09 10:28:40,RUNNING,0,1,137,0,138,13,137,26.4,10:28:27,,,
2026-10-09 10:28:55,RUNNING,0,1,138,0,139,1,138,26.5,10:28:54,,,
2026-10-09 10:29:11,RUNNING,0,1,138,0,139,16,138,26.5,10:28:54,,,
2026-10-09 10:29:26,RUNNING,0,1,138,0,139,31,138,26.5,10:28:54,,,
2026-10-09 10:29:41,RUNNING,0,0,161,0,,,161,0.1,10:29:38,,,
2026-10-09 10:29:56,RUNNING,0,0,161,0,,,161,0.1,10:29:38,,,
2026-10-09 10:30:11,RUNNING,0,0,162,0,,,162,0.1,10:30:01,,,
2026-10-09 10:30:26,RUNNING,0,0,162,0,,,162,0.1,10:30:01,,,
2026-10-09 10:30:41,RUNNING,0,0,163,0,,,163,0.1,10:30:31,,,
2026-10-09 10:30:56,RUNNING,0,0,163,0,,,163,0.1,10:30:31,,,
2026-10-09 10:31:11,RUNNING,0,0,164,0,,,164,0.1,10:31:01,,,
2026-10-09 10:31:26,RUNNING,0,0,164,0,,,164,0.1,10:31:01,,,
2026-10-09 10:31:41,RUNNING,0,0,165,0,,,165,0.1,10:31:31,,,
2026-10-09 10:31:56,RUNNING,0,0,165,0,,,165,0.1,10:31:31,,,
2026-10-09 10:32:11,RUNNING,0,0,166,0,,,166,0.1,10:32:01,,,
2026-10-09 10:32:26,RUNNING,0,0,166,0,,,166,0.1,10:32:01,,,
2026-10-09 10:32:41,RUNNING,0,0,167,0,,,167,0.1,10:32:31,,,
2026-10-09 10:32:56,RUNNING,0,0,167,0,,,167,0.1,10:32:31,,,
2026-10-09 10:33:11,RUNNING,0,0,168,0,,,168,0.1,10:33:01,,,
2026-10-09 10:33:26,RUNNING,0,0,168,0,,,168,0.1,10:33:01,,,
2026-10-09 10:33:41,RUNNING,0,0,169,0,,,169,0.1,10:33:31,,,
2026-10-09 10:33:56,RUNNING,0,0,169,0,,,169,0.1,10:33:31,,,
2026-10-09 10:34:11,RUNNING,0,0,170,0,,,170,0.1,10:34:01,,,
2026-10-09 10:34:27,RUNNING,0,0,170,0,,,170,0.1,10:34:01,,,
2026-10-09 10:34:42,RUNNING,0,0,171,0,,,171,0.1,10:34:31,,,
2026-10-09 10:34:57,RUNNING,0,0,171,0,,,171,0.1,10:34:31,,,
2026-10-09 10:35:12,RUNNING,0,0,172,0,,,172,0.1,10:35:01,,,
2026-10-09 10:35:27,RUNNING,0,0,172,0,,,172,0.1,10:35:01,,,
2026-10-09 10:35:42,RUNNING,0,0,173,0,,,173,0.1,10:35:31,,,
2026-10-09 10:35:57,RUNNING,0,0,173,0,,,173,0.1,10:35:31,,,
2026-10-09 10:36:12,RUNNING,0,0,174,0,,,174,0.1,10:36:01,,,
2026-10-09 10:36:27,RUNNING,0,0,174,0,,,174,0.1,10:36:01,,,
2026-10-09 10:36:42,RUNNING,0,0,175,0,,,175,0.1,10:36:31,,,
2026-10-09 10:36:57,RUNNING,0,0,175,0,,,175,0.1,10:36:31,,,
2026-10-09 10:37:12,RUNNING,0,0,176,0,,,176,0.1,10:37:01,,,
2026-10-09 10:37:27,RUNNING,0,0,176,0,,,176,0.1,10:37:01,,,
2026-10-09 10:37:42,RUNNING,0,0,177,0,,,177,0.1,10:37:31,,,
2026-10-09 10:37:57,RUNNING,0,0,177,0,,,177,0.1,10:37:31,,,
2026-10-09 10:38:12,RUNNING,0,0,178,0,,,178,0.1,10:38:01,,,
2026-10-09 10:38:27,RUNNING,0,0,178,0,,,178,0.1,10:38:01,,,
2026-10-09 10:38:42,RUNNING,0,0,179,0,,,179,0.1,10:38:31,,,
2026-10-09 10:38:57,RUNNING,0,0,179,0,,,179,0.1,10:38:31,,,
2026-10-09 10:39:12,RUNNING,0,0,180,0,,,180,0.1,10:39:01,,,
2026-10-09 10:39:27,RUNNING,0,0,180,0,,,180,0.1,10:39:01,,,
2026-10-09 10:39:43,RUNNING,0,0,181,0,,,181,0.1,10:39:31,,,
2026-10-09 10:39:58,RUNNING,0,0,181,0,,,181,0.1,10:39:31,,,
2026-10-09 10:40:13,RUNNING,0,0,182,0,,,182,0.1,10:40:01,,,
2026-10-09 10:40:28,RUNNING,0,0,182,0,,,182,0.1,10:40:01,,,
2026-10-09 10:40:43,RUNNING,0,0,183,0,,,183,0.1,10:40:31,,,
2026-10-09 10:40:58,RUNNING,0,0,183,0,,,183,0.1,10:40:31,,,
2026-10-09 10:41:13,RUNNING,0,0,184,0,,,184,0.1,10:41:01,,,
2026-10-09 10:41:28,RUNNING,0,0,184,0,,,184,0.1,10:41:01,,,
2026-10-09 10:41:43,RUNNING,0,0,185,0,,,185,0.1,10:41:31,,,
2026-10-09 10:41:58,RUNNING,0,0,185,0,,,185,0.1,10:41:31,,,
2026-10-09 10:42:13,RUNNING,0,0,186,0,,,186,0.1,10:42:01,,,
2026-10-09 10:42:28,RUNNING,0,0,186,0,,,186,0.1,10:42:01,,,
2026-10-09 10:42:43,RUNNING,0,0,187,0,,,187,0.1,10:42:31,,,
2026-10-09 10:42:58,RUNNING,0,0,187,0,,,187,0.1,10:42:31,,,
2026-10-09 10:43:13,RUNNING,0,0,188,0,,,188,0.1,10:43:01,,,
2026-10-09 10:43:28,RUNNING,0,0,188,0,,,188,0.1,10:43:01,,,
2026-10-09 10:43:43,RUNNING,0,0,189,0,,,189,0.1,10:43:31,,,
2026-10-09 10:43:58,RUNNING,0,0,189,0,,,189,0.1,10:43:31,,,
2026-10-09 10:44:13,RUNNING,0,0,190,0,,,190,0.1,10:44:01,,,
2026-10-09 10:44:28,RUNNING,0,0,190,0,,,190,0.1,10:44:01,,,
2026-10-09 10:44:43,RUNNING,0,0,191,0,,,191,0.1,10:44:31,,,
2026-10-09 10:44:58,RUNNING,0,0,191,0,,,191,0.1,10:44:31,,,
2026-10-09 10:45:14,RUNNING,0,0,192,0,,,192,0.1,10:45:01,,,
2026-10-09 10:45:29,RUNNING,0,0,192,0,,,192,0.1,10:45:01,,,
2026-10-09 10:45:44,RUNNING,0,0,193,0,,,193,0.1,10:45:31,,,
2026-10-09 10:45:59,RUNNING,0,0,193,0,,,193,0.1,10:45:31,,,
2026-10-09 10:46:14,RUNNING,0,0,194,0,,,194,0.1,10:46:01,,,
2026-10-09 10:46:29,RUNNING,0,0,194,0,,,194,0.1,10:46:01,,,
2026-10-09 10:46:44,RUNNING,0,0,195,0,,,195,0.1,10:46:31,,,
2026-10-09 10:46:59,RUNNING,0,0,195,0,,,195,0.1,10:46:31,,,
2026-10-09 10:47:14,RUNNING,0,0,196,0,,,196,0.1,10:47:01,,,
2026-10-09 10:47:29,RUNNING,0,0,196,0,,,196,0.1,10:47:01,,,
2026-10-09 10:47:44,RUNNING,0,0,197,0,,,197,0.1,10:47:31,,,
2026-10-09 10:47:59,RUNNING,0,0,197,0,,,197,0.1,10:47:31,,,
2026-10-09 10:48:14,RUNNING,0,0,198,0,,,198,0.1,10:48:01,,,
2026-10-09 10:48:29,RUNNING,0,0,198,0,,,198,0.1,10:48:01,,,
2026-10-09 10:48:44,RUNNING,0,0,199,0,,,199,0.1,10:48:31,,,
2026-10-09 10:48:59,RUNNING,0,0,199,0,,,199,0.1,10:48:31,,,
2026-10-09 10:49:14,RUNNING,0,0,200,0,,,200,0.1,10:49:01,,,
2026-10-09 10:49:29,RUNNING,0,0,200,0,,,200,0.1,10:49:01,,,
2026-10-09 10:49:44,RUNNING,0,0,201,0,,,201,0.1,10:49:31,,,
2026-10-09 10:49:59,RUNNING,0,0,201,0,,,201,0.1,10:49:31,,,
2026-10-09 10:50:14,RUNNING,0,0,202,0,,,202,0.1,10:50:01,,,
2026-10-09 10:50:30,RUNNING,0,0,202,0,,,202,0.1,10:50:01,,,
2026-10-09 10:50:45,RUNNING,0,0,203,0,,,203,0.1,10:50:31,,,
2026-10-09 10:51:00,RUNNING,0,0,203,0,,,203,0.1,10:50:31,,,
2026-10-09 10:51:15,RUNNING,0,0,204,0,,,204,0.1,10:51:01,,,
2026-10-09 10:51:30,RUNNING,0,0,204,0,,,204,0.1,10:51:01,,,
2026-10-09 10:51:45,RUNNING,0,0,205,0,,,205,0.1,10:51:31,,,
2026-10-09 10:52:00,RUNNING,0,0,205,0,,,205,0.1,10:51:31,,,
2026-10-09 10:52:15,RUNNING,0,0,206,0,,,206,0.1,10:52:01,,,
2026-10-09 10:52:30,RUNNING,0,0,206,0,,,206,0.1,10:52:01,,,
2026-10-09 10:52:45,RUNNING,0,0,207,0,,,207,0.1,10:52:31,,,
2026-10-09 10:53:00,RUNNING,0,0,207,0,,,207,0.1,10:52:31,,,
2026-10-09 10:53:15,RUNNING,0,0,208,0,,,208,0.1,10:53:01,,,
2026-10-09 10:53:30,RUNNING,0,0,208,0,,,208,0.1,10:53:01,,,
2026-10-09 10:53:45,RUNNING,0,0,209,0,,,209,0.1,10:53:31,,,
2026-10-09 10:54:00,RUNNING,0,0,209,0,,,209,0.1,10:53:31,,,
2026-10-09 10:54:15,RUNNING,0,0,210,0,,,210,0.1,10:54:01,,,
2026-10-09 10:54:30,RUNNING,0,0,210,0,,,210,0.1,10:54:01,,,
2026-10-09 10:54:46,RUNNING,0,0,211,0,,,211,0.1,10:54:31,,,
2026-10-09 10:55:01,RUNNING,0,0,211,0,,,211,0.1,10:54:31,,,
2026-10-09 10:55:16,RUNNING,0,0,212,0,,,212,0.1,10:55:01,,,
2026-10-09 10:55:31,RUNNING,0,0,212,0,,,212,0.1,10:55:01,,,
2026-10-09 10:55:46,RUNNING,0,0,213,0,,,213,0.1,10:55:31,,,
2026-10-09 10:56:01,RUNNING,0,1,213,0,214,0,213,0.1,10:55:31,,,
2026-10-09 10:56:16,RUNNING,0,0,214,0,,,214,0.1,10:56:01,,,
2026-10-09 10:56:31,RUNNING,0,0,215,0,,,215,0.1,10:56:31,,,
2026-10-09 10:56:46,RUNNING,0,0,215,0,,,215,0.1,10:56:31,,,
2026-10-09 10:57:01,RUNNING,0,0,216,0,,,216,0.1,10:57:01,,,
2026-10-09 10:57:16,RUNNING,0,0,216,0,,,216,0.1,10:57:01,,,
2026-10-09 10:57:31,RUNNING,0,0,217,0,,,217,0.1,10:57:31,,,
2026-10-09 10:57:46,RUNNING,0,0,217,0,,,217,0.1,10:57:31,,,
2026-10-09 10:58:01,RUNNING,0,0,218,0,,,218,0.1,10:58:01,,,
