device,channel,start_ts,end_ts,type,magnitude
E,Temperature,1649124008,1649124018,spike,4.560000
E,Temperature,1649131225,1649131245,spike,9.120000
E,Temperature,1649138451,1649138482,spike,18.240000
E,Temperature,1649145682,1649152882,step,4.560000
E,Temperature,1649160082,1649167282,step,9.120000
E,Temperature,1649174482,1649181682,step,18.240000
E,Temperature,1650160800,1650182400,ramp,4.560000
E,Temperature,1650189600,1650211200,ramp,9.120000
E,Temperature,1650218400,1650240000,ramp,18.240000
E,Temperature,1650506400,1650513600,stuck,0.000000
E,Temperature,1650520800,1650528000,stuck,0.000000
E,Temperature,1650535200,1650542400,stuck,0.000000
E,Gas,1650549600,1650556800,step,10994.890500
E,Gas,1650564000,1650585600,ramp,10994.890500
