day,stable,fleet_alarm_pct,alarm_pct_A,alarm_pct_B,alarm_pct_C,alarm_pct_E,alarm_pct_F,alarm_pct_H,fleet_shift_Temperature,fleet_shift_Humidity,fleet_shift_Pressure,fleet_shift_Gas,fleet_shift_Light
03-01,False,,,,,,,,-0.0465,0.1575,0.585,-0.22299999999999998,0.0115
03-02,True,,,,,,,,-0.0955,0.392,0.2555,-0.28200000000000003,0.009
03-03,False,,,,,,,,-0.004,0.589,-0.014,-0.255,0.6785
03-04,False,,,,,,,,-0.0035,-0.22499999999999998,0.371,-0.2865,0.679
03-05,False,,,,,,,,-0.048,-0.6094999999999999,0.6054999999999999,-0.2415,-0.003
03-06,False,,,,,,,,-0.2025,-0.716,0.7255,-0.1515,-0.011
03-07,False,,,,,,,,-0.2775,-0.974,0.4775,-0.14550000000000002,-0.0215
03-08,False,,,,,,,,-0.11599999999999999,-0.7935000000000001,-0.0895,-0.058,-0.007
03-09,True,,,,,,,,-0.0935,0.10300000000000001,0.008,-0.1965,0.0035
03-10,True,,,,,,,,-0.061,0.1645,0.0325,-0.035,-0.002
03-11,False,,,,,,,,-0.036000000000000004,0.4175,-0.568,-0.013,-0.0125
03-12,True,,,,,,,,-0.0165,-0.07,-0.381,-0.304,-0.008
03-13,True,,,,,,,,0.0685,-0.025,-0.4305,0.039,-0.005
03-14,False,,,,,,,,0.16,-0.2545,0.51,0.28200000000000003,0.05
03-15,True,,,,,,,,0.154,-0.07100000000000001,0.3275,0.4535,0.14
03-16,True,,,,,,,,0.0465,0.3555,0.2175,0.174,-0.0055
03-17,False,,,,,,,,-0.20350000000000001,-0.2235,0.824,-0.217,0.08199999999999999
03-18,False,,,,,,,,0.685,-0.1575,1.2805,0.053,0.7635000000000001
03-19,False,,,,,,,,0.325,-0.6995,0.9844999999999999,-0.0775,0.0085
03-20,False,,,,,,,,0.191,-0.964,0.6125,0.22749999999999998,-0.0025
03-21,False,,,,,,,,0.39,-0.6885,0.612,0.482,0.004
03-22,False,,,,,,,,0.6205,-0.183,0.628,0.193,0.8425
03-23,False,,,,,,,,0.7165,-0.8225,0.727,0.6795,0.0775
03-24,False,80.0,100.0,,100.0,57.57575757575758,65.51724137931035,,0.6645000000000001,-0.869,0.76,1.322,0.044
03-25,False,28.125,34.02777777777778,,27.083333333333332,25.0,26.38888888888889,,0.6835,-0.845,0.813,0.8685,0.1335
03-26,False,21.614583333333332,13.986013986013987,0.0,44.75524475524475,32.16783216783217,9.090909090909092,15.972222222222221,0.6575,-0.7410000000000001,0.8714999999999999,0.5415,0.034
03-27,False,15.643105446118192,4.166666666666667,0.0,41.666666666666664,27.083333333333332,20.833333333333332,0.0,0.5369999999999999,-0.2165,0.829,0.634,0.003
03-28,False,0.7017543859649122,0.0,0.0,4.166666666666667,0.0,0.0,0.0,0.615,-0.15000000000000002,0.4105,0.3145,-0.011
03-29,True,0.0,0.0,0.0,0.0,0.0,0.0,0.0,0.356,0.11449999999999999,-0.0535,0.1855,-0.014
03-30,True,4.408060453400504,0.0,14.393939393939394,0.0,0.0,0.0,14.414414414414415,0.138,-0.3,-0.2545,-0.26,0.0045000000000000005
03-31,False,0.5056890012642224,0.0,0.7092198581560284,0.6993006993006993,0.6944444444444444,0.0,1.3157894736842106,0.001,-1.1005,-0.0125,-0.1865,0.40800000000000003
04-01,False,8.066759388038943,0.0,18.75,21.52777777777778,0.0,0.0,,-0.136,-1.215,0.315,-0.031,0.016
04-02,False,18.00878477306003,0.0,36.76470588235294,29.927007299270073,15.328467153284672,8.02919708029197,,-0.245,-1.155,0.469,0.782,-0.01
04-03,False,34.958217270194986,25.694444444444443,38.19444444444444,44.05594405594405,37.5,29.37062937062937,,-0.296,-1.066,0.624,1.081,0.003
04-04,False,44.30555555555556,31.25,68.05555555555556,9.027777777777779,52.77777777777778,60.416666666666664,,0.261,0.513,-0.007,1.38,0.023
04-05,True,0.12468827930174564,0.0,0.0,0.0,0.0,0.0,1.1363636363636365,0.10400000000000001,0.318,-0.0905,0.0675,0.013
04-06,False,0.4678362573099415,0.0,0.0,0.0,0.0,2.797202797202797,0.0,0.1105,0.265,-0.7505,-0.07700000000000001,0.0155
04-07,False,0.3516998827667057,0.0,0.0,2.0833333333333335,0.0,0.0,0.0,-0.0485,-0.5195000000000001,-0.9755,-0.1475,0.0315
04-08,False,16.92126909518214,0.0,17.77777777777778,0.0,21.678321678321677,34.02777777777778,28.368794326241133,0.0905,-0.673,-0.579,0.5395,0.0045
04-09,False,7.441860465116279,0.0,4.195804195804196,16.083916083916083,20.13888888888889,2.797202797202797,1.3986013986013985,-0.0485,-0.8205,0.2075,0.14500000000000002,0.073
04-10,False,22.880371660859467,0.0,31.25,2.7777777777777777,51.388888888888886,25.0,26.760563380281692,-0.1585,-0.884,0.2205,0.801,-0.013500000000000002
04-11,False,11.072261072261073,0.0,20.422535211267604,11.888111888111888,16.783216783216783,0.0,17.6056338028169,0.1595,-0.6134999999999999,-0.3495,0.5945,0.1535
04-12,False,9.080188679245284,0.0,12.587412587412587,0.0,9.027777777777779,0.0,35.11450381679389,0.269,0.6779999999999999,-0.4105,0.29100000000000004,0.026000000000000002
04-13,False,2.1201413427561837,0.0,0.0,12.5,0.0,0.0,0.0,0.35550000000000004,0.734,0.1365,-0.1545,0.3205
04-14,False,0.0,0.0,0.0,0.0,0.0,0.0,0.0,0.4295,0.5465,0.424,0.503,0.117
04-15,False,6.643356643356643,0.0,6.338028169014085,11.805555555555555,15.972222222222221,0.0,5.714285714285714,0.4295,0.626,0.589,0.458,-0.0015
04-16,False,3.080568720379147,0.0,0.0,8.391608391608392,0.0,0.0,10.0,0.56,0.5305,0.7104999999999999,0.3215,-0.0005
04-17,True,9.730363423212193,0.0,11.029411764705882,10.416666666666666,21.678321678321677,4.166666666666667,11.267605633802816,0.451,-0.02,0.329,0.0805,0.0015
04-18,False,4.322429906542056,0.0,1.4388489208633093,0.0,18.75,0.0,5.594405594405594,0.3095,-0.196,0.2195,0.573,0.0005
04-19,False,19.05564924114671,0.0,36.95652173913044,0.0,42.0,9.0,28.282828282828284,0.14500000000000002,-0.157,0.203,0.7415,0.172
04-20,False,7.258064516129032,0.0,9.75609756097561,3.6144578313253013,0.0,0.0,30.864197530864196,0.784,-0.262,0.0435,-0.0235,0.831
04-21,True,2.6284348864994027,0.0,4.032258064516129,1.3888888888888888,3.4965034965034967,0.6944444444444444,6.521739130434782,0.34750000000000003,-0.4525,-0.0535,0.005999999999999998,0.0245
04-22,False,22.467986030267753,45.45454545454545,0.704225352112676,2.797202797202797,4.166666666666667,81.25,0.0,0.16699999999999998,-0.15100000000000002,-0.237,0.649,0.2385
04-23,True,2.542372881355932,0.0,0.0,0.0,0.0,15.217391304347826,0.0,0.17149999999999999,0.098,-0.423,0.10200000000000001,0.0475
04-24,True,0.36275695284159615,0.0,0.0,2.1739130434782608,0.0,0.0,0.0,0.21800000000000003,-0.014499999999999999,-0.158,-0.038000000000000006,0.1545
04-25,False,9.608540925266905,0.0,22.794117647058822,3.5211267605633805,6.993006993006993,0.0,25.36231884057971,0.5565,-0.491,0.1705,0.533,0.265
04-26,False,6.619385342789598,0.0,6.976744186046512,3.4965034965034967,0.6944444444444444,0.0,28.87323943661972,0.404,-0.6625000000000001,0.4265,0.158,0.049
04-27,False,4.176904176904177,0.0,16.417910447761194,4.411764705882353,0.0,0.0,4.444444444444445,0.22749999999999998,-0.7885,0.6765000000000001,0.2285,0.187
04-28,False,6.0324825986078885,0.0,24.305555555555557,0.0,0.0,0.0,11.888111888111888,0.2245,-0.7035,0.83,0.053,0.337
04-29,False,11.524609843937576,0.0,52.03252032520325,4.195804195804196,3.4965034965034967,0.0,15.217391304347826,0.219,-0.472,0.8614999999999999,0.486,0.34199999999999997
04-30,False,11.11111111111111,0.0,23.741007194244606,21.678321678321677,7.638888888888889,0.0,14.084507042253522,-0.004,-0.552,0.7615000000000001,0.635,0.034
