time_utc,subtask_0,subtask_1,subtask_2,subtask_3,subtask_4,subtask_5,subtask_6,subtask_7
2026-10-03 07:22 UTC,0,0,0,0,0,0,0,0
2026-10-03 07:23 UTC,0,0,0,0,0,0,0,0
2026-10-03 07:24 UTC,0,0,0,0,0,0,0,0
2026-10-03 07:25 UTC,0,0,0,0,0,0,0,0
2026-10-03 07:26 UTC,0,0,0,0,0,0,0,0
2026-10-03 07:27 UTC,0,0,0,0,0,0,0,0
2026-10-03 07:28 UTC,0,0,0,0,0,0,0,0
2026-10-03 07:29 UTC,0,0,0,0,0,0,0,0
2026-10-03 07:30 UTC,0,0,0,0,0,0,0,0
2026-10-03 07:31 UTC,0,0,0,0,0,0,0,0
2026-10-03 07:32 UTC,0,0,0,0,0,0,0,0
2026-10-03 07:33 UTC,0,0,0,0,0,0,0,0
2026-10-03 07:34 UTC,0,0,0,0,0,0,0,0
2026-10-03 07:35 UTC,0,0,0,0,0,0,0,0
2026-10-03 07:36 UTC,0,0,0,0,0,0,0,0
2026-10-03 07:37 UTC,0,0,0,0,0,0,0,0
2026-10-03 07:38 UTC,0,0,0,0,0,0,0,0
2026-10-03 07:39 UTC,0,0,0,0,0,0,0,0
2026-10-03 07:40 UTC,0,0,0,0,0,0,0,0
2026-10-03 07:41 UTC,0,0,0,0,0,0,0,0
2026-10-03 07:42 UTC,0,0,0,0,0,0,0,0
2026-10-03 07:43 UTC,0,0,0,0,0,0,0,0
2026-10-03 07:44 UTC,0,0,0,0,0,0,0,0
2026-10-03 07:45 UTC,0,0,0,0,0,0,0,0
2026-10-03 07:46 UTC,0,0,0,0,0,0,0,0
2026-10-03 07:47 UTC,0,0,0,0,0,0,0,0
2026-10-03 07:48 UTC,0,0,0,0,0,0,0,0
2026-10-03 07:49 UTC,0,0,0,0,0,0,0,0
2026-10-03 07:50 UTC,0,0,0,0,0,0,0,0
2026-10-03 07:51 UTC,0,0,0,0,0,0,0,0
2026-10-03 07:52 UTC,0,0,0,0,0,0,0,0
2026-10-03 07:53 UTC,0,0,0,0,0,0,0,0
2026-10-03 07:54 UTC,0,0,0,0,0,0,0,0
2026-10-03 07:55 UTC,0,0,0,0,0,0,0,0
2026-10-03 07:56 UTC,0,0,0,0,0,0,0,0
2026-10-03 07:57 UTC,0,0,0,0,0,0,0,0
2026-10-03 07:58 UTC,0,0,0,0,0,0,0,0
2026-10-03 07:59 UTC,0,0,0,0,0,0,0,0
2026-10-03 08:00 UTC,0,0,0,0,0,0,0,0
2026-10-03 08:01 UTC,0,0,0,0,0,0,0,0
2026-10-03 08:02 UTC,0,0,0,0,0,0,0,0
2026-10-03 08:03 UTC,0,0,0,0,0,0,0,0
2026-10-03 08:04 UTC,0,0,0,0,0,0,0,0
2026-10-03 08:05 UTC,0,0,0,0,0,0,0,0
2026-10-03 08:06 UTC,0,0,0,0,0,0,0,0
2026-10-03 08:07 UTC,0,0,0,0,0,0,0,0
2026-10-03 08:08 UTC,0,0,0,0,0,0,0,0
2026-10-03 08:09 UTC,0,0,0,0,0,0,0,615474
2026-10-03 08:10 UTC,0,0,0,0,0,0,0,615474
2026-10-03 08:11 UTC,0,0,0,0,0,0,0,615474
2026-10-03 08:12 UTC,0,0,0,0,0,0,0,615474
2026-10-03 08:13 UTC,0,0,0,0,0,0,0,615474
2026-10-03 08:14 UTC,0,0,0,0,0,0,0,615474
2026-10-03 08:15 UTC,0,0,0,0,0,0,0,615474
2026-10-03 08:16 UTC,0,0,0,0,0,0,0,615474
2026-10-03 08:17 UTC,0,0,0,0,0,0,0,615474
2026-10-03 08:18 UTC,0,0,0,0,0,0,0,615474
2026-10-03 08:19 UTC,0,0,0,0,0,0,0,615474
2026-10-03 08:20 UTC,0,0,0,0,0,0,0,615474
2026-10-03 08:21 UTC,0,0,0,0,0,0,0,615474
2026-10-03 08:22 UTC,0,0,0,0,0,0,0,615474
2026-10-03 08:23 UTC,0,0,0,0,0,0,0,615474
2026-10-03 08:24 UTC,0,0,0,0,0,0,0,615474
2026-10-03 08:25 UTC,0,0,0,0,0,0,0,615474
2026-10-03 08:26 UTC,0,0,0,0,0,0,0,615474
2026-10-03 08:27 UTC,0,0,0,0,0,0,0,615474
2026-10-03 08:28 UTC,0,0,0,0,0,0,0,615474
2026-10-03 08:29 UTC,0,0,0,0,0,0,0,615474
2026-10-03 08:30 UTC,0,0,0,0,0,0,0,615474
2026-10-03 08:31 UTC,0,0,0,0,0,0,0,615474
2026-10-03 08:32 UTC,0,0,0,0,0,0,0,615474
2026-10-03 08:33 UTC,0,0,0,0,0,0,0,615474
2026-10-03 08:34 UTC,0,0,0,0,0,0,0,615474
2026-10-03 08:35 UTC,0,0,0,0,0,0,0,615474
2026-10-03 08:36 UTC,0,0,0,0,0,0,0,615474
2026-10-03 08:37 UTC,0,0,0,0,0,0,0,615474
2026-10-03 08:38 UTC,0,0,0,0,0,0,0,615474
2026-10-03 08:39 UTC,0,0,0,0,0,0,0,615474
2026-10-03 08:40 UTC,0,0,0,0,0,0,0,615474
2026-10-03 08:41 UTC,0,0,0,0,0,0,0,615474
2026-10-03 08:42 UTC,0,0,0,0,0,0,0,615474
2026-10-03 08:43 UTC,0,0,0,0,0,0,0,615474
2026-10-03 08:44 UTC,0,0,0,0,0,0,0,615474
2026-10-03 08:45 UTC,0,,0,,,,0,615474
