no,device,channel,type,level,start_utc,duration_sec,point_detected,point_delay_sec,point_hits,point_in,point_after,point_chance,ctx_detected,ctx_delay_sec,ctx_hits,ctx_chance
1,E,Temperature,spike,1xP10P90/1轮,04-05 02:00:08,10,是,52,1,1,0,0.000,否,,0/1,0.000
2,E,Temperature,spike,2xP10P90/2轮,04-05 04:00:25,20,是,35,2,2,0,0.000,否,,0/1,0.000
3,E,Temperature,spike,4xP10P90/3轮,04-05 06:00:51,31,是,9,3,3,0,0.000,是,429,1/1,0.000
4,E,Temperature,step,1xP10P90,04-05 08:01:22,7200,是,38,20,10,10,0.000,是,4658,2/13,0.000
5,E,Temperature,step,2xP10P90,04-05 12:01:22,7200,是,38,19,9,10,0.000,是,458,13/13,0.000
6,E,Temperature,step,4xP10P90,04-05 16:01:22,7200,是,38,19,9,10,0.000,是,518,13/13,0.000
7,E,Temperature,ramp,1xP10P90,04-17 02:00:00,21600,是,21660,6,0,6,0.000,否,,0/37,0.000
8,E,Temperature,ramp,2xP10P90,04-17 10:00:00,21600,是,21660,6,0,6,0.000,是,8940,22/37,0.000
9,E,Temperature,ramp,4xP10P90,04-17 18:00:00,21600,是,21660,6,0,6,0.000,是,2400,33/36,0.000
10,E,Temperature,stuck,2h#1,04-21 02:00:00,7200,否,,0,0,0,0.000,否,,0/13,0.000
11,E,Temperature,stuck,2h#2,04-21 06:00:00,7200,否,,0,0,0,0.000,否,,0/13,0.000
12,E,Temperature,stuck,2h#3,04-21 10:00:00,7200,是,780,9,3,6,0.000,否,,0/13,0.000
13,E,Gas,step,2xP10P90,04-21 14:00:00,7200,是,60,12,6,6,0.000,是,540,13/13,0.000
14,E,Gas,ramp,2xP10P90,04-21 18:00:00,21600,是,21660,6,0,6,0.000,是,2340,34/37,0.000
