device,channel,type,level,magnitude_raw,unit,start_utc,start_ts,duration_sec,end_utc,extra
E,Temperature,spike,1xP10P90/1轮,4.56,P10-P90 width 4.5600,2022-04-05T02:00:08Z,1649124008,10,2022-04-05T02:00:18Z,
E,Temperature,spike,2xP10P90/2轮,9.12,P10-P90 width 4.5600,2022-04-05T04:00:25Z,1649131225,20,2022-04-05T04:00:45Z,
E,Temperature,spike,4xP10P90/3轮,18.24,P10-P90 width 4.5600,2022-04-05T06:00:51Z,1649138451,31,2022-04-05T06:01:22Z,
E,Temperature,step,1xP10P90,4.56,P10-P90 width 4.5600,2022-04-05T08:01:22Z,1649145682,7200,2022-04-05T10:01:22Z,
E,Temperature,step,2xP10P90,9.12,P10-P90 width 4.5600,2022-04-05T12:01:22Z,1649160082,7200,2022-04-05T14:01:22Z,
E,Temperature,step,4xP10P90,18.24,P10-P90 width 4.5600,2022-04-05T16:01:22Z,1649174482,7200,2022-04-05T18:01:22Z,
E,Temperature,ramp,1xP10P90,4.56,P10-P90 width 4.5600,2022-04-17T02:00:00Z,1650160800,21600,2022-04-17T08:00:00Z,
E,Temperature,ramp,2xP10P90,9.12,P10-P90 width 4.5600,2022-04-17T10:00:00Z,1650189600,21600,2022-04-17T16:00:00Z,
E,Temperature,ramp,4xP10P90,18.24,P10-P90 width 4.5600,2022-04-17T18:00:00Z,1650218400,21600,2022-04-18T00:00:00Z,
E,Temperature,stuck,2h#1,0.0,P10-P90 width 4.5600,2022-04-21T02:00:00Z,1650506400,7200,2022-04-21T04:00:00Z,
E,Temperature,stuck,2h#2,0.0,P10-P90 width 4.5600,2022-04-21T06:00:00Z,1650520800,7200,2022-04-21T08:00:00Z,
E,Temperature,stuck,2h#3,0.0,P10-P90 width 4.5600,2022-04-21T10:00:00Z,1650535200,7200,2022-04-21T12:00:00Z,
E,Gas,step,2xP10P90,10994.8905,P10-P90 width 5497.4452,2022-04-21T14:00:00Z,1650549600,7200,2022-04-21T16:00:00Z,是
E,Gas,ramp,2xP10P90,10994.8905,P10-P90 width 5497.4452,2022-04-21T18:00:00Z,1650564000,21600,2022-04-22T00:00:00Z,是
