device,hiddenSize,windowLength,batchSize,learningRate,epoch,trainLoss,esLoss,esLossBaseline,epochSeconds
E,60,60,64,0.01,1,43.31179175,0.70144716,0.33073587,27.5
E,60,60,64,0.01,2,47.57055670,0.41183685,0.33073587,23.5
E,60,60,64,0.01,3,29.61211121,0.61839285,0.33073587,22.7
E,60,60,64,0.01,4,34.71461264,0.55687343,0.33073587,22.6
E,60,60,64,0.01,5,27.34311902,0.47342542,0.33073587,22.6
E,60,60,64,0.01,6,24.15561473,0.40692413,0.33073587,22.6
E,60,60,64,0.01,7,43.23379264,0.49834187,0.33073587,22.6
E,60,60,64,0.01,8,33.65059949,0.41664393,0.33073587,22.5
E,60,60,64,0.01,9,37.98585538,0.58368898,0.33073587,22.8
E,60,60,64,0.01,10,40.34048522,0.55830162,0.33073587,22.7
E,60,60,64,0.01,11,34.86287865,0.44590508,0.33073587,22.9
E,60,60,64,0.01,12,41.97123338,0.57901616,0.33073587,22.9
E,60,60,64,0.01,13,34.45868635,0.79743109,0.33073587,22.5
E,60,60,64,0.01,14,33.91483066,0.53632138,0.33073587,22.5
E,60,60,64,0.01,15,27.89615325,0.51357376,0.33073587,22.7
E,60,60,64,0.01,16,25.57665525,0.49393480,0.33073587,22.4
E,60,60,64,0.01,17,25.87598605,0.42169486,0.33073587,24.4
E,60,60,64,0.01,18,30.47778740,0.65679689,0.33073587,22.4
E,60,60,64,0.01,19,29.17515745,0.39286883,0.33073587,22.2
E,60,60,64,0.01,20,29.25269509,0.39763046,0.33073587,23.2
E,60,60,64,0.01,21,48.90751595,0.67742729,0.33073587,22.5
E,60,60,64,0.01,22,35.08056342,0.49840953,0.33073587,22.5
E,60,60,64,0.01,23,28.95015754,0.38234435,0.33073587,22.7
E,60,60,64,0.01,24,28.52124688,0.86044434,0.33073587,22.6
E,60,60,64,0.01,25,37.09008392,0.39979964,0.33073587,22.6
E,60,60,64,0.01,26,35.08379105,0.48790423,0.33073587,22.5
E,60,60,64,0.01,27,28.23917160,0.45564615,0.33073587,22.4
E,60,60,64,0.01,28,27.72056302,0.68734456,0.33073587,22.5
E,60,60,64,0.01,29,26.00166704,0.79313453,0.33073587,22.4
E,60,60,64,0.01,30,29.40217988,0.45229791,0.33073587,22.5
E,60,60,64,0.01,31,24.48749513,0.45649154,0.33073587,22.4
E,60,60,64,0.01,32,21.77350161,0.38230972,0.33073587,22.5
E,60,60,64,0.01,33,25.41805422,0.45648788,0.33073587,22.3
E,60,60,64,0.01,34,27.13387755,0.34560165,0.33073587,22.3
E,60,60,64,0.01,35,31.99546817,0.39570904,0.33073587,22.2
E,60,60,64,0.01,36,23.96515877,0.34548240,0.33073587,22.7
E,60,60,64,0.01,37,21.19625774,0.35859838,0.33073587,22.6
E,60,60,64,0.01,38,23.17247409,0.34968470,0.33073587,22.4
E,60,60,64,0.01,39,23.54007125,0.62687578,0.33073587,22.4
E,60,60,64,0.01,40,26.27143988,0.35346633,0.33073587,22.5
E,60,60,64,0.01,41,30.78314915,0.32330202,0.33073587,22.6
E,60,60,64,0.01,42,30.59371342,0.35036459,0.33073587,22.4
E,60,60,64,0.01,43,31.89987887,0.38028840,0.33073587,22.5
E,60,60,64,0.01,44,26.28292746,0.30916636,0.33073587,22.5
E,60,60,64,0.01,45,24.98639980,0.27385578,0.33073587,22.5
E,60,60,64,0.01,46,24.05272550,0.28865597,0.33073587,22.6
E,60,60,64,0.01,47,19.28405871,0.34689144,0.33073587,22.6
E,60,60,64,0.01,48,22.18672288,0.28767201,0.33073587,22.6
E,60,60,64,0.01,49,23.42459120,0.31432245,0.33073587,22.6
E,60,60,64,0.01,50,32.33660955,0.31084596,0.33073587,22.5
E,60,60,64,0.01,51,24.77148301,0.27701127,0.33073587,22.8
E,60,60,64,0.01,52,23.36037513,0.27527834,0.33073587,22.6
E,60,60,64,0.01,53,19.61160234,0.30005369,0.33073587,22.5
E,60,60,64,0.01,54,18.20124609,0.31048847,0.33073587,22.6
E,60,60,64,0.01,55,18.89159476,0.53274260,0.33073587,22.5
E,60,60,64,0.01,56,27.17072304,0.33287975,0.33073587,22.5
E,60,60,64,0.01,57,24.54312962,0.38037814,0.33073587,22.7
E,60,60,64,0.01,58,19.49043563,0.42071637,0.33073587,22.6
E,60,60,64,0.01,59,17.77874362,0.32507668,0.33073587,22.6
E,60,60,64,0.01,60,17.59416857,0.32443620,0.33073587,22.4
E,60,60,64,0.003,1,30.09473552,0.37971729,0.33073587,22.8
E,60,60,64,0.003,2,34.96036273,0.35125726,0.33073587,22.5
E,60,60,64,0.003,3,19.95245259,0.20795047,0.33073587,22.6
E,60,60,64,0.003,4,14.29871701,0.10579373,0.33073587,22.8
E,60,60,64,0.003,5,10.40778900,0.15845284,0.33073587,22.7
E,60,60,64,0.003,6,9.31808258,0.09160821,0.33073587,22.9
E,60,60,64,0.003,7,8.90189956,0.15317072,0.33073587,22.9
E,60,60,64,0.003,8,8.32669874,0.15649850,0.33073587,22.3
E,60,60,64,0.003,9,14.16082520,0.27613572,0.33073587,22.4
E,60,60,64,0.003,10,11.15882833,0.18288265,0.33073587,22.6
E,60,60,64,0.003,11,7.78054183,0.14470417,0.33073587,22.8
E,60,60,64,0.003,12,7.05466871,0.13488916,0.33073587,23.0
E,60,60,64,0.003,13,5.82030695,0.08115101,0.33073587,22.5
E,60,60,64,0.003,14,4.53346476,0.09020999,0.33073587,22.6
E,60,60,64,0.003,15,5.39685359,0.05569799,0.33073587,22.5
E,60,60,64,0.003,16,5.56978244,0.05058593,0.33073587,22.6
E,60,60,64,0.003,17,3.82877678,0.07045668,0.33073587,22.5
E,60,60,64,0.003,18,8.75902490,0.03858954,0.33073587,22.7
E,60,60,64,0.003,19,4.93811809,0.09029622,0.33073587,22.7
E,60,60,64,0.003,20,6.41667685,0.05278805,0.33073587,22.7
E,60,60,64,0.003,21,8.49353210,0.20548142,0.33073587,22.5
E,60,60,64,0.003,22,7.11998373,0.05817351,0.33073587,22.3
E,60,60,64,0.003,23,6.31082219,0.10737075,0.33073587,22.5
E,60,60,64,0.003,24,4.14264709,0.04931974,0.33073587,22.5
E,60,60,64,0.003,25,3.18500258,0.06763567,0.33073587,22.3
E,60,60,64,0.003,26,3.47326744,0.10504539,0.33073587,22.3
E,60,60,64,0.003,27,2.91738544,0.04263122,0.33073587,22.5
E,60,60,64,0.003,28,2.20672182,0.04821069,0.33073587,22.9
E,60,60,64,0.003,29,1.53134023,0.03926435,0.33073587,22.4
E,60,60,64,0.003,30,1.37484578,0.04107003,0.33073587,22.4
E,60,60,64,0.003,31,1.31727273,0.03378964,0.33073587,22.6
E,60,60,64,0.003,32,1.36856685,0.03759451,0.33073587,22.5
E,60,60,64,0.003,33,1.32683630,0.03038629,0.33073587,22.5
E,60,60,64,0.003,34,1.36877357,0.02992066,0.33073587,22.5
E,60,60,64,0.003,35,1.13803412,0.02865268,0.33073587,22.3
E,60,60,64,0.003,36,0.95148750,0.02602705,0.33073587,22.5
E,60,60,64,0.003,37,0.77706457,0.02445574,0.33073587,22.6
E,60,60,64,0.003,38,0.74548996,0.02484206,0.33073587,22.6
E,60,60,64,0.003,39,0.79294641,0.02578142,0.33073587,22.6
E,60,60,64,0.003,40,0.89212743,0.02333741,0.33073587,22.5
E,60,60,64,0.003,41,1.07827727,0.03012899,0.33073587,22.5
E,60,60,64,0.003,42,1.42369712,0.02330438,0.33073587,22.7
E,60,60,64,0.003,43,1.45900203,0.03189698,0.33073587,22.4
E,60,60,64,0.003,44,1.44450474,0.02404936,0.33073587,22.4
E,60,60,64,0.003,45,1.17746484,0.02960036,0.33073587,22.6
E,60,60,64,0.003,46,1.04261695,0.02680408,0.33073587,22.7
E,60,60,64,0.003,47,1.03802758,0.02905029,0.33073587,22.5
E,60,60,64,0.003,48,1.54094937,0.03587228,0.33073587,22.4
E,60,60,64,0.003,49,1.66646918,0.02313641,0.33073587,22.7
E,60,60,64,0.003,50,2.38813334,0.04305336,0.33073587,22.5
E,60,60,64,0.003,51,1.87408461,0.02462580,0.33073587,22.3
E,60,60,64,0.003,52,2.26004579,0.04606376,0.33073587,22.4
E,60,60,64,0.003,53,1.70612734,0.02764057,0.33073587,22.6
E,60,60,64,0.003,54,1.56635323,0.04110186,0.33073587,22.5
E,60,60,64,0.003,55,1.09913861,0.02825511,0.33073587,22.6
E,60,60,64,0.003,56,1.24048720,0.03208716,0.33073587,22.7
E,60,60,64,0.003,57,1.39821311,0.02973198,0.33073587,22.5
E,60,60,64,0.003,58,1.23083699,0.02384549,0.33073587,22.7
E,60,60,64,0.003,59,0.90724008,0.02812601,0.33073587,22.7
E,60,60,64,0.003,60,0.83542169,0.02426155,0.33073587,22.6
E,60,60,64,0.001,1,36.03059909,0.43171669,0.33073587,22.5
E,60,60,64,0.001,2,20.03655174,0.30209183,0.33073587,22.6
E,60,60,64,0.001,3,19.91934583,0.25450112,0.33073587,22.7
E,60,60,64,0.001,4,14.20069350,0.16318321,0.33073587,22.3
E,60,60,64,0.001,5,11.08253948,0.13262895,0.33073587,22.7
E,60,60,64,0.001,6,5.81740453,0.18749757,0.33073587,22.4
E,60,60,64,0.001,7,5.00972490,0.09580135,0.33073587,22.5
E,60,60,64,0.001,8,5.14528871,0.15208202,0.33073587,22.7
E,60,60,64,0.001,9,4.59093115,0.06408259,0.33073587,22.6
E,60,60,64,0.001,10,3.67801610,0.09036834,0.33073587,22.5
E,60,60,64,0.001,11,3.43954717,0.06247213,0.33073587,22.4
E,60,60,64,0.001,12,3.31845875,0.06608224,0.33073587,22.8
E,60,60,64,0.001,13,3.41078649,0.05133274,0.33073587,22.4
E,60,60,64,0.001,14,3.86185998,0.05475844,0.33073587,22.5
E,60,60,64,0.001,15,3.64232663,0.03538019,0.33073587,22.5
E,60,60,64,0.001,16,4.11584856,0.07796649,0.33073587,22.5
E,60,60,64,0.001,17,4.03212889,0.04679728,0.33073587,22.9
E,60,60,64,0.001,18,4.73668118,0.09867155,0.33073587,22.4
E,60,60,64,0.001,19,3.86605581,0.03849155,0.33073587,22.6
E,60,60,64,0.001,20,3.56564167,0.08687614,0.33073587,22.5
E,60,60,64,0.001,21,2.49113246,0.03819162,0.33073587,22.4
E,60,60,64,0.001,22,1.88173699,0.04705609,0.33073587,22.6
E,60,60,64,0.001,23,1.54456110,0.02984377,0.33073587,22.4
E,60,60,64,0.001,24,1.33874761,0.03549506,0.33073587,22.6
E,60,60,64,0.001,25,1.24330730,0.02625259,0.33073587,22.5
E,60,60,64,0.001,26,1.17226928,0.03251900,0.33073587,22.1
E,60,60,64,0.001,27,1.19151677,0.02477185,0.33073587,22.6
E,60,60,64,0.001,28,1.21945824,0.03503356,0.33073587,22.6
E,60,60,64,0.001,29,1.34426790,0.02456403,0.33073587,22.5
E,60,60,64,0.001,30,1.48790518,0.03530968,0.33073587,22.7
E,60,60,64,0.001,31,1.82221877,0.03540502,0.33073587,22.5
E,60,60,64,0.001,32,2.98667868,0.03400686,0.33073587,22.5
E,60,60,64,0.001,33,4.25236609,0.11663365,0.33073587,22.6
E,60,60,64,0.001,34,4.31813220,0.04246083,0.33073587,22.6
E,60,60,64,0.001,35,4.46711810,0.07680309,0.33073587,22.6
E,60,60,64,0.001,36,3.25339475,0.03720980,0.33073587,22.5
E,60,60,64,0.001,37,2.03033520,0.03382131,0.33073587,22.6
E,60,60,64,0.001,38,1.48541448,0.02831004,0.33073587,22.4
E,60,60,64,0.001,39,1.33412044,0.02421131,0.33073587,22.5
E,60,60,64,0.001,40,1.27051703,0.02651903,0.33073587,22.7
E,60,60,64,0.001,41,1.45143334,0.02558357,0.33073587,22.8
E,60,60,64,0.001,42,1.64346572,0.03166698,0.33073587,22.5
E,60,60,64,0.001,43,1.93709870,0.02633076,0.33073587,22.8
E,60,60,64,0.001,44,1.80614787,0.02750298,0.33073587,22.6
E,60,60,64,0.001,45,1.35598674,0.02316077,0.33073587,22.5
E,60,60,64,0.001,46,1.14909621,0.02345970,0.33073587,22.5
E,60,60,64,0.001,47,0.93382460,0.02245222,0.33073587,22.3
E,60,60,64,0.001,48,0.81615254,0.02140164,0.33073587,22.8
E,60,60,64,0.001,49,0.75996460,0.02333939,0.33073587,22.6
E,60,60,64,0.001,50,0.76040338,0.02020291,0.33073587,22.6
E,60,60,64,0.001,51,0.83009564,0.02726326,0.33073587,22.6
E,60,60,64,0.001,52,0.96101958,0.01966139,0.33073587,22.4
E,60,60,64,0.001,53,1.21975223,0.03451126,0.33073587,22.7
E,60,60,64,0.001,54,1.28428980,0.01891058,0.33073587,22.6
E,60,60,64,0.001,55,1.39508106,0.03308229,0.33073587,22.5
E,60,60,64,0.001,56,1.19082888,0.02206708,0.33073587,22.6
E,60,60,64,0.001,57,1.28435173,0.02668819,0.33073587,22.5
E,60,60,64,0.001,58,1.14914541,0.02720764,0.33073587,22.7
E,60,60,64,0.001,59,1.48856086,0.02808027,0.33073587,22.5
E,60,60,64,0.001,60,1.54377766,0.02889754,0.33073587,22.6
