device,channel,day,n,median,p10,p90,ref_median,ref_p10_p90_width,shift_in_ref_widths
A,Temperature,03-15,8614,22.125,20.775,22.925,22.395,3.04,-0.089
A,Temperature,03-16,8612,21.975,21.315,22.745,22.395,3.04,-0.138
A,Temperature,03-17,6316,21.095,20.355,22.825,22.395,3.04,-0.428
A,Temperature,03-18,5086,22.835,22.145,23.745,22.395,3.04,0.145
A,Temperature,03-19,8617,22.215,21.495,23.335,22.395,3.04,-0.059
A,Temperature,03-20,8617,22.035,21.215,23.145,22.395,3.04,-0.118
A,Temperature,03-21,8608,22.225,20.935,23.945,22.395,3.04,-0.056
A,Temperature,03-22,8615,23.455,21.975,24.935,22.395,3.04,0.349
A,Temperature,03-23,8589,23.445,22.495,25.005,22.395,3.04,0.345
A,Temperature,03-24,8611,23.425,22.735,25.005,22.395,3.04,0.339
A,Temperature,03-25,8604,23.305,22.365,24.965,22.395,3.04,0.299
A,Temperature,03-26,8618,23.575,22.885,24.745,22.395,3.04,0.388
A,Temperature,03-27,8621,23.325,22.815,24.335,22.395,3.04,0.306
A,Temperature,03-28,8618,23.295,22.375,24.685,22.395,3.04,0.296
A,Temperature,03-29,8609,23.135,22.695,24.085,22.395,3.04,0.243
A,Temperature,03-30,8245,22.325,21.765,23.775,22.395,3.04,-0.023
A,Temperature,03-31,8609,21.835,20.985,23.255,22.395,3.04,-0.184
B,Temperature,03-15,7366,22.735,21.98,23.055,22.855,2.07,-0.058
B,Temperature,03-16,8248,22.525,22.045,22.915,22.855,2.07,-0.159
B,Temperature,03-17,5563,21.965,21.065,23.195,22.855,2.07,-0.43
B,Temperature,03-18,4641,23.015,22.645,23.445,22.855,2.07,0.077
B,Temperature,03-19,8425,22.775,22.425,23.485,22.855,2.07,-0.039
B,Temperature,03-20,8500,22.665,21.525,23.695,22.855,2.07,-0.092
B,Temperature,03-21,8066,22.555,21.575,23.025,22.855,2.07,-0.145
B,Temperature,03-22,7298,23.115,21.955,23.955,22.855,2.07,0.126
B,Temperature,03-23,7062,23.215,22.425,24.435,22.855,2.07,0.174
B,Temperature,03-24,7008,23.355,22.755,24.545,22.855,2.07,0.242
B,Temperature,03-25,8368,23.375,22.835,24.625,22.855,2.07,0.251
B,Temperature,03-26,8582,23.655,23.145,24.335,22.855,2.07,0.386
B,Temperature,03-27,8615,23.445,23.155,24.095,22.855,2.07,0.285
B,Temperature,03-28,8478,23.315,22.945,24.475,22.855,2.07,0.222
B,Temperature,03-29,8375,22.945,22.685,23.391,22.855,2.07,0.043
B,Temperature,03-30,7930,22.395,21.975,22.725,22.855,2.07,-0.222
B,Temperature,03-31,8453,21.715,20.865,22.585,22.855,2.07,-0.551
C,Temperature,03-15,8611,21.705,19.755,23.575,22.715,6.06,-0.167
C,Temperature,03-16,8606,21.245,20.355,22.465,22.715,6.06,-0.243
C,Temperature,03-17,6313,20.445,18.735,24.253,22.715,6.06,-0.375
C,Temperature,03-18,5095,23.875,22.065,25.445,22.715,6.06,0.191
C,Temperature,03-19,8617,21.885,20.345,25.135,22.715,6.06,-0.137
C,Temperature,03-20,8610,21.325,19.895,24.625,22.715,6.06,-0.229
C,Temperature,03-21,8610,22.485,19.535,24.885,22.715,6.06,-0.038
C,Temperature,03-22,8597,23.315,21.165,26.635,22.715,6.06,0.099
C,Temperature,03-23,8606,23.735,21.445,26.735,22.715,6.06,0.168
C,Temperature,03-24,8612,23.435,22.235,26.425,22.715,6.06,0.119
C,Temperature,03-25,8604,23.585,21.355,26.465,22.715,6.06,0.144
C,Temperature,03-26,8619,23.525,21.965,26.235,22.715,6.06,0.134
C,Temperature,03-27,8621,23.145,22.045,26.025,22.715,6.06,0.071
C,Temperature,03-28,8610,23.275,21.755,25.905,22.715,6.06,0.092
C,Temperature,03-29,8610,22.475,21.555,23.675,22.715,6.06,-0.04
C,Temperature,03-30,8252,21.685,20.535,24.325,22.715,6.06,-0.17
C,Temperature,03-31,8616,21.055,19.345,24.295,22.715,6.06,-0.274
D,Temperature,03-15,8621,21.335,20.145,23.185,22.485,6.809,-0.169
D,Temperature,03-16,8621,20.985,20.235,21.845,22.485,6.809,-0.22
D,Temperature,03-17,6319,20.415,18.595,23.835,22.485,6.809,-0.304
D,Temperature,03-18,5113,23.945,21.955,26.245,22.485,6.809,0.214
D,Temperature,03-19,8617,22.145,20.571,25.435,22.485,6.809,-0.05
D,Temperature,03-20,8621,21.875,20.265,24.705,22.485,6.809,-0.09
D,Temperature,03-21,8622,22.205,19.955,24.705,22.485,6.809,-0.041
D,Temperature,03-22,8621,22.925,21.175,26.455,22.485,6.809,0.065
D,Temperature,03-23,8622,22.685,21.505,28.775,22.485,6.809,0.029
D,Temperature,03-24,8622,22.815,21.176,26.885,22.485,6.809,0.048
D,Temperature,03-25,8621,22.855,21.015,29.325,22.485,6.809,0.054
D,Temperature,03-26,8621,22.755,20.875,31.175,22.485,6.809,0.04
D,Temperature,03-27,8620,22.155,20.875,28.316,22.485,6.809,-0.048
D,Temperature,03-28,8621,22.765,20.715,26.215,22.485,6.809,0.041
D,Temperature,03-29,8621,21.605,20.605,22.165,22.485,6.809,-0.129
D,Temperature,03-30,8258,20.895,19.935,23.415,22.485,6.809,-0.234
D,Temperature,03-31,8616,20.585,18.535,24.82,22.485,6.809,-0.279
E,Temperature,03-15,8623,21.125,20.015,22.835,22.255,5.8,-0.195
E,Temperature,03-16,8622,20.765,20.155,21.945,22.255,5.8,-0.257
E,Temperature,03-17,6320,19.91,18.655,23.455,22.255,5.8,-0.404
E,Temperature,03-18,5114,23.445,21.528,25.215,22.255,5.8,0.205
E,Temperature,03-19,8621,21.825,20.455,24.285,22.255,5.8,-0.074
E,Temperature,03-20,8621,21.545,20.295,23.855,22.255,5.8,-0.122
E,Temperature,03-21,8622,21.995,19.945,24.295,22.255,5.8,-0.045
E,Temperature,03-22,8622,22.565,21.015,25.725,22.255,5.8,0.053
E,Temperature,03-23,8623,22.785,21.365,25.605,22.255,5.8,0.091
E,Temperature,03-24,8617,22.725,21.315,25.385,22.255,5.8,0.081
E,Temperature,03-25,8622,22.715,21.025,25.724,22.255,5.8,0.079
E,Temperature,03-26,8622,22.455,20.915,25.055,22.255,5.8,0.034
E,Temperature,03-27,8620,21.945,20.955,24.445,22.255,5.8,-0.053
E,Temperature,03-28,8622,22.565,20.825,24.935,22.255,5.8,0.053
E,Temperature,03-29,8621,21.685,21.025,22.335,22.255,5.8,-0.098
E,Temperature,03-30,8260,21.045,20.055,22.665,22.255,5.8,-0.209
E,Temperature,03-31,8621,20.755,18.875,23.075,22.255,5.8,-0.259
F,Temperature,03-15,8615,22.065,20.855,23.495,22.455,3.88,-0.101
F,Temperature,03-16,8616,21.855,21.185,22.785,22.455,3.88,-0.155
F,Temperature,03-17,6315,20.795,19.845,23.115,22.455,3.88,-0.428
F,Temperature,03-18,5101,23.155,22.015,24.175,22.455,3.88,0.18
F,Temperature,03-19,8621,22.455,21.305,24.305,22.455,3.88,0.0
F,Temperature,03-20,8621,22.315,21.305,24.045,22.455,3.88,-0.036
F,Temperature,03-21,8603,22.535,21.055,24.775,22.455,3.88,0.021
F,Temperature,03-22,8599,23.675,22.655,26.015,22.455,3.88,0.314
F,Temperature,03-23,8577,23.975,22.615,26.065,22.455,3.88,0.392
F,Temperature,03-24,8605,24.225,23.655,25.475,22.455,3.88,0.456
F,Temperature,03-25,8602,23.815,22.395,26.045,22.455,3.88,0.351
F,Temperature,03-26,8620,23.895,22.655,25.605,22.455,3.88,0.371
F,Temperature,03-27,8617,23.685,22.745,25.455,22.455,3.88,0.317
F,Temperature,03-28,8617,23.705,22.485,25.595,22.455,3.88,0.322
F,Temperature,03-29,8615,22.985,22.545,23.885,22.455,3.88,0.137
F,Temperature,03-30,8253,22.295,21.465,24.105,22.455,3.88,-0.041
F,Temperature,03-31,8618,22.235,20.445,24.005,22.455,3.88,-0.057
G,Temperature,03-15,8609,22.135,20.415,22.975,22.545,3.66,-0.112
G,Temperature,03-16,8606,21.895,20.965,22.775,22.545,3.66,-0.178
G,Temperature,03-17,6300,20.815,19.885,22.915,22.545,3.66,-0.473
G,Temperature,03-18,5102,23.055,22.275,24.035,22.545,3.66,0.139
G,Temperature,03-19,8613,22.245,21.185,23.635,22.545,3.66,-0.082
G,Temperature,03-20,8611,21.775,20.935,23.355,22.545,3.66,-0.21
G,Temperature,03-21,8593,22.705,20.535,24.025,22.545,3.66,0.044
G,Temperature,03-22,8606,23.495,21.73,25.045,22.545,3.66,0.26
G,Temperature,03-23,8603,23.425,22.235,25.275,22.545,3.66,0.24
G,Temperature,03-24,8610,23.475,22.505,25.225,22.545,3.66,0.254
G,Temperature,03-25,8602,23.735,22.265,25.215,22.545,3.66,0.325
G,Temperature,03-26,8614,23.705,22.935,24.985,22.545,3.66,0.317
G,Temperature,03-27,8616,23.195,22.605,24.785,22.545,3.66,0.178
G,Temperature,03-28,8610,23.255,22.095,24.895,22.545,3.66,0.194
G,Temperature,03-29,8604,22.995,22.385,24.035,22.545,3.66,0.123
G,Temperature,03-30,8244,22.305,21.495,23.895,22.545,3.66,-0.066
G,Temperature,03-31,8609,21.675,20.535,23.507,22.545,3.66,-0.238
H,Temperature,03-15,8431,24.035,23.005,24.635,24.055,3.04,-0.007
H,Temperature,03-16,8409,23.925,22.695,24.445,24.055,3.04,-0.043
H,Temperature,03-17,6131,23.585,21.735,25.005,24.055,3.04,-0.155
H,Temperature,03-18,4370,24.205,23.585,24.905,24.055,3.04,0.049
H,Temperature,03-19,8560,23.865,23.185,24.755,24.055,3.04,-0.063
H,Temperature,03-20,7713,23.865,22.325,24.785,24.055,3.04,-0.063
H,Temperature,03-21,8018,23.925,22.465,24.585,24.055,3.04,-0.043
H,Temperature,03-22,7484,24.555,23.225,25.245,24.055,3.04,0.164
H,Temperature,03-23,6608,24.475,23.325,26.175,24.055,3.04,0.138
H,Temperature,03-24,7989,24.735,24.285,26.125,24.055,3.04,0.224
H,Temperature,03-25,8528,24.435,23.665,25.958,24.055,3.04,0.125
H,Temperature,03-26,8620,24.365,23.785,25.305,24.055,3.04,0.102
H,Temperature,03-27,8611,24.095,23.725,25.005,24.055,3.04,0.013
H,Temperature,03-28,8233,24.275,23.495,25.665,24.055,3.04,0.072
H,Temperature,03-29,7383,23.715,23.185,24.015,24.055,3.04,-0.112
H,Temperature,03-30,6692,23.005,22.475,23.575,24.055,3.04,-0.345
H,Temperature,03-31,4559,21.925,21.065,22.485,24.055,3.04,-0.701
A,Gas,03-15,8614,1763.4645,652.0147,2394.3173,935.1735,1483.2347,0.558
A,Gas,03-16,8612,1127.3065,517.577,1518.4261,935.1735,1483.2347,0.13
A,Gas,03-17,6316,776.267,509.7805,1789.0935,935.1735,1483.2347,-0.107
A,Gas,03-18,5086,1096.28,587.0005,2228.9084,935.1735,1483.2347,0.109
A,Gas,03-19,8617,623.812,510.9254,2151.21,935.1735,1483.2347,-0.21
A,Gas,03-20,8617,1530.219,535.6422,2377.6928,935.1735,1483.2347,0.401
A,Gas,03-21,8608,1890.5445,1501.5238,2556.0452,935.1735,1483.2347,0.644
A,Gas,03-22,8615,1485.4041,539.6666,1972.115,935.1735,1483.2347,0.371
A,Gas,03-23,8589,1451.964,528.766,4870.0959,935.1735,1483.2347,0.348
A,Gas,03-24,8611,3584.4961,578.417,4329.5361,935.1735,1483.2347,1.786
A,Gas,03-25,8604,2320.9795,569.4468,3534.6101,935.1735,1483.2347,0.934
A,Gas,03-26,8618,1976.7425,529.2548,2723.076,935.1735,1483.2347,0.702
A,Gas,03-27,8621,2025.233,1606.609,2485.4519,935.1735,1483.2347,0.735
A,Gas,03-28,8618,1267.3815,557.9384,1663.7297,935.1735,1483.2347,0.224
A,Gas,03-29,8609,1037.264,509.0262,1368.9732,935.1735,1483.2347,0.069
A,Gas,03-30,8245,690.135,504.7126,1864.8776,935.1735,1483.2347,-0.165
A,Gas,03-31,8609,773.959,512.2662,1676.0566,935.1735,1483.2347,-0.109
B,Gas,03-15,7366,4332.4507,924.501,5415.3804,1458.3965,3872.4629,0.742
B,Gas,03-16,8248,3615.7606,582.9911,4074.045,1458.3965,3872.4629,0.557
B,Gas,03-17,5563,859.686,502.0536,3046.0344,1458.3965,3872.4629,-0.155
B,Gas,03-18,4641,3603.4939,517.813,4763.8208,1458.3965,3872.4629,0.554
B,Gas,03-19,8425,2605.4109,505.2168,5189.9857,1458.3965,3872.4629,0.296
B,Gas,03-20,8500,2965.9716,532.5541,5774.4812,1458.3965,3872.4629,0.389
B,Gas,03-21,8066,3444.6229,1911.961,4913.4829,1458.3965,3872.4629,0.513
B,Gas,03-22,7298,3538.8309,507.3473,8375.4827,1458.3965,3872.4629,0.537
B,Gas,03-23,7062,7156.2175,809.6066,10623.1155,1458.3965,3872.4629,1.471
B,Gas,03-24,7008,7672.6594,2685.4184,9460.1811,1458.3965,3872.4629,1.605
B,Gas,03-25,8368,6608.145,548.8083,8768.4113,1458.3965,3872.4629,1.33
B,Gas,03-26,8582,4400.3152,519.9634,7345.4231,1458.3965,3872.4629,0.76
B,Gas,03-27,8615,4481.5781,3565.1814,6708.855,1458.3965,3872.4629,0.781
B,Gas,03-28,8478,3857.1836,556.5238,5602.2854,1458.3965,3872.4629,0.619
B,Gas,03-29,8375,3395.0391,1397.0906,4675.4846,1458.3965,3872.4629,0.5
B,Gas,03-30,7930,1413.421,503.593,8035.1976,1458.3965,3872.4629,-0.012
B,Gas,03-31,8453,2532.3149,627.6166,6645.4409,1458.3965,3872.4629,0.277
C,Gas,03-15,8611,3143.2859,1451.488,4183.8481,910.015,1483.2528,1.506
C,Gas,03-16,8606,1673.405,522.2565,2115.719,910.015,1483.2528,0.515
C,Gas,03-17,6313,1040.043,517.163,1967.0256,910.015,1483.2528,0.088
C,Gas,03-18,5095,793.123,594.5298,2352.6738,910.015,1483.2528,-0.079
C,Gas,03-19,8617,604.934,508.7682,935.1326,910.015,1483.2528,-0.206
C,Gas,03-20,8610,700.7495,564.9376,1654.3241,910.015,1483.2528,-0.141
C,Gas,03-21,8610,1991.6715,1131.5534,2478.9947,910.015,1483.2528,0.729
C,Gas,03-22,8597,1207.5291,568.8732,1890.8899,910.015,1483.2528,0.201
C,Gas,03-23,8606,1224.2935,522.1545,5059.9707,910.015,1483.2528,0.212
C,Gas,03-24,8612,3254.7625,642.8859,4600.4538,910.015,1483.2528,1.581
C,Gas,03-25,8604,1955.3676,555.3251,2871.9972,910.015,1483.2528,0.705
C,Gas,03-26,8619,1616.722,532.333,2362.4216,910.015,1483.2528,0.476
C,Gas,03-27,8621,1806.826,1333.86,2201.7871,910.015,1483.2528,0.605
C,Gas,03-28,8610,1148.0645,539.3409,1730.6712,910.015,1483.2528,0.16
C,Gas,03-29,8610,1097.6895,508.0945,1575.1314,910.015,1483.2528,0.127
C,Gas,03-30,8252,830.993,505.0415,1987.201,910.015,1483.2528,-0.053
C,Gas,03-31,8616,613.481,516.761,1608.4771,910.015,1483.2528,-0.2
D,Gas,03-15,8621,2643.877,818.569,3811.1731,1538.708,2469.5782,0.448
D,Gas,03-16,8621,2257.0591,513.336,2878.1599,1538.708,2469.5782,0.291
D,Gas,03-17,6319,1030.184,503.9246,2305.5309,1538.708,2469.5782,-0.206
D,Gas,03-18,5113,2319.4041,521.6446,3498.3563,1538.708,2469.5782,0.316
D,Gas,03-19,8617,1692.6899,508.4396,3469.2904,1538.708,2469.5782,0.062
D,Gas,03-20,8621,2149.1279,519.805,4538.0068,1538.708,2469.5782,0.247
D,Gas,03-21,8622,3153.6125,2298.7462,4752.2574,1538.708,2469.5782,0.654
D,Gas,03-22,8621,2254.7561,521.65,4608.1299,1538.708,2469.5782,0.29
D,Gas,03-23,8622,4564.0986,528.1248,15677.749,1538.708,2469.5782,1.225
D,Gas,03-24,8622,9097.6699,3786.993,13424.5844,1538.708,2469.5782,3.061
D,Gas,03-25,8621,6311.3252,513.812,10288.6445,1538.708,2469.5782,1.933
D,Gas,03-26,8621,6582.4028,846.102,10787.9209,1538.708,2469.5782,2.042
D,Gas,03-27,8620,6944.0427,5157.5338,10247.8701,1538.708,2469.5782,2.189
D,Gas,03-28,8621,4028.0801,1430.813,5373.895,1538.708,2469.5782,1.008
D,Gas,03-29,8621,2664.541,845.045,3635.0181,1538.708,2469.5782,0.456
D,Gas,03-30,8258,762.4145,505.2005,4235.8838,1538.708,2469.5782,-0.314
D,Gas,03-31,8616,1204.9195,507.6425,2760.5011,1538.708,2469.5782,-0.135
E,Gas,03-15,8623,2878.4529,691.2848,3904.629,1518.2405,2573.0019,0.529
E,Gas,03-16,8622,2387.9415,506.8109,2953.0996,1518.2405,2573.0019,0.338
E,Gas,03-17,6320,888.6645,503.728,2825.3083,1518.2405,2573.0019,-0.245
E,Gas,03-18,5114,1929.755,510.4256,3623.3289,1518.2405,2573.0019,0.16
E,Gas,03-19,8621,1942.777,506.7,5076.5581,1518.2405,2573.0019,0.165
E,Gas,03-20,8621,3297.0449,547.474,5653.6348,1518.2405,2573.0019,0.691
E,Gas,03-21,8622,3868.119,2479.0735,5392.6918,1518.2405,2573.0019,0.913
E,Gas,03-22,8622,2754.7629,506.1751,6102.8953,1518.2405,2573.0019,0.481
E,Gas,03-23,8623,5612.894,534.6868,14139.6414,1518.2405,2573.0019,1.591
E,Gas,03-24,8617,7570.5161,1040.0426,12252.9383,1518.2405,2573.0019,2.352
E,Gas,03-25,8622,5322.1135,512.1752,7882.5781,1518.2405,2573.0019,1.478
E,Gas,03-26,8622,5220.2686,507.4451,9007.6423,1518.2405,2573.0019,1.439
E,Gas,03-27,8620,6115.1682,4772.9025,9166.916,1518.2405,2573.0019,1.787
E,Gas,03-28,8622,3926.3934,572.4425,5227.3716,1518.2405,2573.0019,0.936
E,Gas,03-29,8621,2570.4541,804.548,3611.9519,1518.2405,2573.0019,0.409
E,Gas,03-30,8260,847.4255,502.468,3718.867,1518.2405,2573.0019,-0.261
E,Gas,03-31,8621,922.757,507.193,2897.8,1518.2405,2573.0019,-0.231
F,Gas,03-15,8615,1503.278,642.9016,1955.6594,952.2335,1328.7984,0.415
F,Gas,03-16,8616,1135.513,507.19,1714.7465,952.2335,1328.7984,0.138
F,Gas,03-17,6315,937.875,508.0238,1760.5424,952.2335,1328.7984,-0.011
F,Gas,03-18,5101,972.737,618.43,1966.0649,952.2335,1328.7984,0.015
F,Gas,03-19,8621,639.699,513.789,1722.588,952.2335,1328.7984,-0.235
F,Gas,03-20,8621,1106.446,545.968,2338.043,952.2335,1328.7984,0.116
F,Gas,03-21,8603,1713.36,1380.9812,2123.0018,952.2335,1328.7984,0.573
F,Gas,03-22,8599,1041.571,581.81,1467.508,952.2335,1328.7984,0.067
F,Gas,03-23,8577,1041.493,531.0034,2787.7505,952.2335,1328.7984,0.067
F,Gas,03-24,8605,1926.215,556.1108,2954.8467,952.2335,1328.7984,0.733
F,Gas,03-25,8602,1660.798,763.3852,2761.9204,952.2335,1328.7984,0.533
F,Gas,03-26,8620,1014.206,517.1959,2361.6289,952.2335,1328.7984,0.047
F,Gas,03-27,8617,2043.976,1507.0366,2500.4948,952.2335,1328.7984,0.822
F,Gas,03-28,8617,1288.452,604.782,1533.95,952.2335,1328.7984,0.253
F,Gas,03-29,8615,1319.235,525.9478,1939.8326,952.2335,1328.7984,0.276
F,Gas,03-30,8253,713.755,503.3924,2070.6165,952.2335,1328.7984,-0.179
F,Gas,03-31,8618,1018.1365,521.1549,1827.7703,952.2335,1328.7984,0.05
G,Gas,03-15,8609,2475.3999,703.4824,3445.6245,899.907,1717.6762,0.917
G,Gas,03-16,8606,1732.1085,518.8575,1972.511,899.907,1717.6762,0.484
G,Gas,03-17,6300,592.7315,504.7836,1835.6717,899.907,1717.6762,-0.179
G,Gas,03-18,5102,1649.176,524.9897,2457.6503,899.907,1717.6762,0.436
G,Gas,03-19,8613,1099.167,512.0932,3626.6431,899.907,1717.6762,0.116
G,Gas,03-20,8611,2149.9309,533.434,3831.9199,899.907,1717.6762,0.728
G,Gas,03-21,8593,2619.238,1912.4768,3301.8718,899.907,1717.6762,1.001
G,Gas,03-22,8606,1805.5365,519.894,3240.2266,899.907,1717.6762,0.527
G,Gas,03-23,8603,2396.4971,518.3974,5956.8706,899.907,1717.6762,0.871
G,Gas,03-24,8610,4252.4434,573.9907,5361.3666,899.907,1717.6762,1.952
G,Gas,03-25,8602,3227.4695,529.2058,4494.9153,899.907,1717.6762,1.355
G,Gas,03-26,8614,2444.73,509.1708,5192.0396,899.907,1717.6762,0.899
G,Gas,03-27,8616,2889.8755,2065.2356,4198.7195,899.907,1717.6762,1.159
G,Gas,03-28,8610,2138.0099,528.7614,2356.7152,899.907,1717.6762,0.721
G,Gas,03-29,8604,1324.5185,688.2423,1875.6945,899.907,1717.6762,0.247
G,Gas,03-30,8244,766.9535,504.902,2714.9553,899.907,1717.6762,-0.077
G,Gas,03-31,8609,851.964,509.708,2703.5256,899.907,1717.6762,-0.028
H,Gas,03-15,8431,3339.5349,917.111,4245.375,1608.2469,3643.522,0.475
H,Gas,03-16,8409,2902.9419,518.5846,3339.9697,1608.2469,3643.522,0.355
H,Gas,03-17,6131,1148.316,506.573,2924.957,1608.2469,3643.522,-0.126
H,Gas,03-18,4370,3500.1965,548.5476,4669.5894,1608.2469,3643.522,0.519
H,Gas,03-19,8560,2288.3511,507.4402,4836.2953,1608.2469,3643.522,0.187
H,Gas,03-20,7713,2622.8201,625.8968,4099.6152,1608.2469,3643.522,0.278
H,Gas,03-21,8018,2842.8989,954.0252,3798.4535,1608.2469,3643.522,0.339
H,Gas,03-22,7484,2296.5541,566.2085,8081.1848,1608.2469,3643.522,0.189
H,Gas,03-23,6608,6783.9019,1986.8286,8666.9765,1608.2469,3643.522,1.421
H,Gas,03-24,7989,5969.1118,797.6628,7482.5053,1608.2469,3643.522,1.197
H,Gas,03-25,8528,5620.4807,641.7783,8078.9417,1608.2469,3643.522,1.101
H,Gas,03-26,8620,4105.4104,533.6484,6871.915,1608.2469,3643.522,0.685
H,Gas,03-27,8611,3616.325,2582.2561,4917.3848,1608.2469,3643.522,0.551
H,Gas,03-28,8233,3054.481,561.4178,4926.3604,1608.2469,3643.522,0.397
H,Gas,03-29,7383,2932.7729,1539.7284,4048.52,1608.2469,3643.522,0.364
H,Gas,03-30,6692,657.2245,503.4198,6329.0724,1608.2469,3643.522,-0.261
H,Gas,03-31,4559,1731.417,506.8292,2383.8904,1608.2469,3643.522,0.034
A,Humidity,03-15,8614,35.084,33.623,35.472,34.636,5.8929,0.076
A,Humidity,03-16,8612,38.954,35.4411,41.384,34.636,5.8929,0.733
A,Humidity,03-17,6316,33.545,32.365,35.2605,34.636,5.8929,-0.185
A,Humidity,03-18,5086,35.0905,34.5205,38.896,34.636,5.8929,0.077
A,Humidity,03-19,8617,29.997,26.425,33.835,34.636,5.8929,-0.787
A,Humidity,03-20,8617,24.937,23.736,26.432,34.636,5.8929,-1.646
A,Humidity,03-21,8608,28.385,24.967,33.461,34.636,5.8929,-1.061
A,Humidity,03-22,8615,33.635,28.004,34.8566,34.636,5.8929,-0.17
A,Humidity,03-23,8589,27.899,23.432,28.83,34.636,5.8929,-1.143
A,Humidity,03-24,8611,26.178,24.777,26.929,34.636,5.8929,-1.435
A,Humidity,03-25,8604,26.738,23.4,27.854,34.636,5.8929,-1.34
A,Humidity,03-26,8618,27.115,25.754,27.911,34.636,5.8929,-1.276
A,Humidity,03-27,8621,33.196,31.041,35.024,34.636,5.8929,-0.244
A,Humidity,03-28,8618,34.207,33.2147,35.3799,34.636,5.8929,-0.073
A,Humidity,03-29,8609,36.207,35.3388,37.9914,34.636,5.8929,0.267
A,Humidity,03-30,8245,32.209,31.2564,33.8346,34.636,5.8929,-0.412
A,Humidity,03-31,8609,24.658,22.736,28.345,34.636,5.8929,-1.693
B,Humidity,03-15,7366,34.1485,32.849,35.432,33.607,5.9584,0.091
B,Humidity,03-16,8248,38.6675,34.2607,42.1913,33.607,5.9584,0.849
B,Humidity,03-17,5563,32.149,31.074,34.4572,33.607,5.9584,-0.245
B,Humidity,03-18,4641,33.847,33.526,38.379,33.607,5.9584,0.04
B,Humidity,03-19,8425,27.885,25.6404,33.194,33.607,5.9584,-0.96
B,Humidity,03-20,8500,25.096,22.962,26.7151,33.607,5.9584,-1.428
B,Humidity,03-21,8066,27.969,24.751,35.612,33.607,5.9584,-0.946
B,Humidity,03-22,7298,34.639,27.798,35.769,33.607,5.9584,0.173
B,Humidity,03-23,7062,27.878,23.3244,29.944,33.607,5.9584,-0.961
B,Humidity,03-24,7008,27.236,24.653,27.99,33.607,5.9584,-1.069
B,Humidity,03-25,8368,26.731,22.377,28.786,33.607,5.9584,-1.154
B,Humidity,03-26,8582,27.956,26.15,29.4583,33.607,5.9584,-0.948
B,Humidity,03-27,8615,34.628,31.9594,36.093,33.607,5.9584,0.171
B,Humidity,03-28,8478,34.632,32.7609,36.534,33.607,5.9584,0.172
B,Humidity,03-29,8375,37.872,36.121,39.7476,33.607,5.9584,0.716
B,Humidity,03-30,7930,32.527,30.6,34.804,33.607,5.9584,-0.181
B,Humidity,03-31,8453,23.675,21.859,28.495,33.607,5.9584,-1.667
C,Humidity,03-15,8611,36.189,32.566,37.969,34.684,5.3383,0.282
C,Humidity,03-16,8606,40.9615,36.505,42.318,34.684,5.3383,1.176
C,Humidity,03-17,6313,34.866,30.1462,36.4108,34.684,5.3383,0.034
C,Humidity,03-18,5095,34.477,32.682,36.424,34.684,5.3383,-0.039
C,Humidity,03-19,8617,27.859,24.736,35.985,34.684,5.3383,-1.278
C,Humidity,03-20,8610,26.3975,22.157,28.039,34.684,5.3383,-1.552
C,Humidity,03-21,8610,27.998,26.602,34.7871,34.684,5.3383,-1.252
C,Humidity,03-22,8597,31.683,27.8,35.998,34.684,5.3383,-0.562
C,Humidity,03-23,8606,26.0455,21.586,30.6215,34.684,5.3383,-1.618
C,Humidity,03-24,8612,26.3445,23.111,27.844,34.684,5.3383,-1.562
C,Humidity,03-25,8604,27.09,21.5623,29.6197,34.684,5.3383,-1.423
C,Humidity,03-26,8619,27.946,23.865,29.8142,34.684,5.3383,-1.262
C,Humidity,03-27,8621,32.828,30.157,35.967,34.684,5.3383,-0.348
C,Humidity,03-28,8610,34.273,30.791,36.6602,34.684,5.3383,-0.077
C,Humidity,03-29,8610,37.514,36.69,40.112,34.684,5.3383,0.53
C,Humidity,03-30,8252,33.063,30.2001,35.8629,34.684,5.3383,-0.304
C,Humidity,03-31,8616,25.036,21.706,30.416,34.684,5.3383,-1.807
D,Humidity,03-15,8621,35.534,32.649,37.277,33.564,7.1189,0.277
D,Humidity,03-16,8621,41.069,36.401,43.933,33.564,7.1189,1.054
D,Humidity,03-17,6319,34.063,29.9648,36.674,33.564,7.1189,0.07
D,Humidity,03-18,5113,32.792,29.9872,37.8032,33.564,7.1189,-0.108
D,Humidity,03-19,8617,26.892,22.5146,34.609,33.564,7.1189,-0.937
D,Humidity,03-20,8621,24.504,20.781,26.257,33.564,7.1189,-1.273
D,Humidity,03-21,8622,27.966,24.948,34.4759,33.564,7.1189,-0.786
D,Humidity,03-22,8621,34.382,25.715,35.588,33.564,7.1189,0.115
D,Humidity,03-23,8622,26.0825,17.2318,29.577,33.564,7.1189,-1.051
D,Humidity,03-24,8622,26.4955,21.177,28.369,33.564,7.1189,-0.993
D,Humidity,03-25,8621,26.914,16.952,29.249,33.564,7.1189,-0.934
D,Humidity,03-26,8621,27.792,17.274,30.151,33.564,7.1189,-0.811
D,Humidity,03-27,8620,34.101,26.925,36.619,33.564,7.1189,0.075
D,Humidity,03-28,8621,34.328,29.639,37.519,33.564,7.1189,0.107
D,Humidity,03-29,8621,38.808,37.939,42.15,33.564,7.1189,0.737
D,Humidity,03-30,8258,33.254,29.9797,36.2516,33.564,7.1189,-0.044
D,Humidity,03-31,8616,23.758,18.414,30.0785,33.564,7.1189,-1.377
E,Humidity,03-15,8623,35.488,32.802,37.195,33.516,6.2172,0.317
E,Humidity,03-16,8622,40.6285,36.3002,43.367,33.516,6.2172,1.144
E,Humidity,03-17,6320,33.7675,30.111,36.732,33.516,6.2172,0.04
E,Humidity,03-18,5114,33.3965,31.506,38.8376,33.516,6.2172,-0.019
E,Humidity,03-19,8621,27.095,23.711,34.598,33.516,6.2172,-1.033
E,Humidity,03-20,8621,24.871,21.647,26.228,33.516,6.2172,-1.39
E,Humidity,03-21,8622,27.9755,24.9611,34.466,33.516,6.2172,-0.891
E,Humidity,03-22,8622,34.6695,26.3671,35.668,33.516,6.2172,0.186
E,Humidity,03-23,8623,26.032,20.869,29.664,33.516,6.2172,-1.204
E,Humidity,03-24,8617,26.617,23.32,28.1824,33.516,6.2172,-1.11
E,Humidity,03-25,8622,27.2655,21.1333,29.167,33.516,6.2172,-1.005
E,Humidity,03-26,8622,28.342,24.6547,30.1769,33.516,6.2172,-0.832
E,Humidity,03-27,8620,34.458,33.692,37.433,33.516,6.2172,0.152
E,Humidity,03-28,8622,34.8905,32.4832,37.697,33.516,6.2172,0.221
E,Humidity,03-29,8621,38.784,37.808,41.11,33.516,6.2172,0.847
E,Humidity,03-30,8260,33.5305,31.539,36.1902,33.516,6.2172,0.002
E,Humidity,03-31,8621,24.102,20.79,29.712,33.516,6.2172,-1.514
F,Humidity,03-15,8615,34.113,31.948,35.0826,33.244,5.2845,0.164
F,Humidity,03-16,8616,38.473,34.1155,41.4575,33.244,5.2845,0.989
F,Humidity,03-17,6315,32.393,31.144,35.0296,33.244,5.2845,-0.161
F,Humidity,03-18,5101,33.295,32.706,38.029,33.244,5.2845,0.01
F,Humidity,03-19,8621,30.099,24.72,33.445,33.244,5.2845,-0.595
F,Humidity,03-20,8621,24.328,22.214,26.055,33.244,5.2845,-1.687
F,Humidity,03-21,8603,28.241,24.473,31.5338,33.244,5.2845,-0.947
F,Humidity,03-22,8599,31.707,26.0558,33.328,33.244,5.2845,-0.291
F,Humidity,03-23,8577,26.664,22.275,27.911,33.244,5.2845,-1.245
F,Humidity,03-24,8605,24.524,23.188,25.4236,33.244,5.2845,-1.65
F,Humidity,03-25,8602,25.742,22.3031,26.949,33.244,5.2845,-1.42
F,Humidity,03-26,8620,26.2275,24.205,27.38,33.244,5.2845,-1.328
F,Humidity,03-27,8617,31.189,30.479,33.416,33.244,5.2845,-0.389
F,Humidity,03-28,8617,32.574,31.014,33.9764,33.244,5.2845,-0.127
F,Humidity,03-29,8615,35.735,34.4984,37.7726,33.244,5.2845,0.471
F,Humidity,03-30,8253,31.27,29.3282,33.2308,33.244,5.2845,-0.374
F,Humidity,03-31,8618,23.6415,20.7797,27.5793,33.244,5.2845,-1.817
G,Humidity,03-15,8609,35.998,34.07,37.0,34.963,5.4049,0.191
G,Humidity,03-16,8606,40.268,36.461,42.83,34.963,5.4049,0.982
G,Humidity,03-17,6300,34.133,32.2539,36.055,34.963,5.4049,-0.154
G,Humidity,03-18,5102,35.1845,34.373,39.2919,34.963,5.4049,0.041
G,Humidity,03-19,8613,28.074,25.737,35.009,34.963,5.4049,-1.275
G,Humidity,03-20,8611,26.056,23.365,27.044,34.963,5.4049,-1.648
G,Humidity,03-21,8593,28.939,25.94,34.735,34.963,5.4049,-1.115
G,Humidity,03-22,8606,34.3855,28.474,35.531,34.963,5.4049,-0.107
G,Humidity,03-23,8603,26.738,23.186,30.0098,34.963,5.4049,-1.522
G,Humidity,03-24,8610,26.795,24.515,27.786,34.963,5.4049,-1.511
G,Humidity,03-25,8602,27.1735,22.8322,28.88,34.963,5.4049,-1.441
G,Humidity,03-26,8614,27.607,25.439,28.6887,34.963,5.4049,-1.361
G,Humidity,03-27,8616,33.55,32.146,36.283,34.963,5.4049,-0.261
G,Humidity,03-28,8610,34.921,33.455,36.647,34.963,5.4049,-0.008
G,Humidity,03-29,8604,36.8085,36.301,39.416,34.963,5.4049,0.341
G,Humidity,03-30,8244,32.723,31.324,35.0597,34.963,5.4049,-0.414
G,Humidity,03-31,8609,24.552,22.173,29.463,34.963,5.4049,-1.926
H,Humidity,03-15,8431,29.827,28.456,31.323,29.056,5.001,0.154
H,Humidity,03-16,8409,34.69,29.9658,36.655,29.056,5.001,1.127
H,Humidity,03-17,6131,28.232,26.451,30.079,29.056,5.001,-0.165
H,Humidity,03-18,4370,30.774,28.8006,33.1671,29.056,5.001,0.344
H,Humidity,03-19,8560,25.386,22.338,30.119,29.056,5.001,-0.734
H,Humidity,03-20,7713,22.856,20.382,23.928,29.056,5.001,-1.24
H,Humidity,03-21,8018,24.628,22.2347,31.074,29.056,5.001,-0.885
H,Humidity,03-22,7484,30.0865,24.919,31.285,29.056,5.001,0.206
H,Humidity,03-23,6608,24.312,20.6941,26.816,29.056,5.001,-0.949
H,Humidity,03-24,7989,23.358,21.193,24.2226,29.056,5.001,-1.139
H,Humidity,03-25,8528,23.7815,19.3131,25.75,29.056,5.001,-1.055
H,Humidity,03-26,8620,25.2995,23.443,26.5526,29.056,5.001,-0.751
H,Humidity,03-27,8611,30.742,28.914,32.569,29.056,5.001,0.337
H,Humidity,03-28,8233,30.996,29.1692,32.684,29.056,5.001,0.388
H,Humidity,03-29,7383,34.145,32.509,35.507,29.056,5.001,1.018
H,Humidity,03-30,6692,29.704,27.5301,31.4099,29.056,5.001,0.13
H,Humidity,03-31,4559,24.52,19.9494,26.508,29.056,5.001,-0.907
A,Pressure,03-15,8614,101488.0,101322.0,101823.0,102806.0,1472.0,-0.895
A,Pressure,03-16,8612,101250.0,101201.0,101888.0,102806.0,1472.0,-1.057
A,Pressure,03-17,6316,102576.0,102187.0,102804.0,102806.0,1472.0,-0.156
A,Pressure,03-18,5086,103581.0,103525.0,103741.0,102806.0,1472.0,0.526
A,Pressure,03-19,8617,102929.0,102554.0,103407.0,102806.0,1472.0,0.084
A,Pressure,03-20,8617,102112.0,101996.0,102372.0,102806.0,1472.0,-0.471
A,Pressure,03-21,8608,102114.0,102031.0,102187.0,102806.0,1472.0,-0.47
A,Pressure,03-22,8615,102147.0,102091.0,102247.0,102806.0,1472.0,-0.448
A,Pressure,03-23,8589,102368.0,102265.0,102474.0,102806.0,1472.0,-0.298
A,Pressure,03-24,8611,102435.0,102341.0,102507.0,102806.0,1472.0,-0.252
A,Pressure,03-25,8604,102550.0,102478.0,102675.0,102806.0,1472.0,-0.174
A,Pressure,03-26,8618,102679.0,102574.0,102783.0,102806.0,1472.0,-0.086
A,Pressure,03-27,8621,102586.0,102330.0,102720.0,102806.0,1472.0,-0.149
A,Pressure,03-28,8618,101669.0,101140.0,102128.0,102806.0,1472.0,-0.772
A,Pressure,03-29,8609,100651.0,100436.0,100881.0,102806.0,1472.0,-1.464
A,Pressure,03-30,8245,100208.0,99970.0,100328.0,102806.0,1472.0,-1.765
A,Pressure,03-31,8609,100739.0,100316.0,101105.0,102806.0,1472.0,-1.404
B,Pressure,03-15,7366,101502.0,101285.0,101811.0,102775.0,1482.0,-0.859
B,Pressure,03-16,8248,101211.0,101166.0,101840.0,102775.0,1482.0,-1.055
B,Pressure,03-17,5563,102496.0,102150.0,102767.0,102775.0,1482.0,-0.188
B,Pressure,03-18,4641,103548.0,103493.0,103705.0,102775.0,1482.0,0.522
B,Pressure,03-19,8425,102911.0,102523.0,103377.0,102775.0,1482.0,0.092
B,Pressure,03-20,8500,102075.0,101965.0,102333.0,102775.0,1482.0,-0.472
B,Pressure,03-21,8066,102088.0,102005.0,102152.0,102775.0,1482.0,-0.464
B,Pressure,03-22,7298,102117.0,102052.0,102215.0,102775.0,1482.0,-0.444
B,Pressure,03-23,7062,102331.0,102229.0,102441.0,102775.0,1482.0,-0.3
B,Pressure,03-24,7008,102410.0,102345.0,102474.0,102775.0,1482.0,-0.246
B,Pressure,03-25,8368,102520.0,102443.0,102640.0,102775.0,1482.0,-0.172
B,Pressure,03-26,8582,102648.0,102541.0,102752.0,102775.0,1482.0,-0.086
B,Pressure,03-27,8615,102553.0,102297.0,102689.0,102775.0,1482.0,-0.15
B,Pressure,03-28,8478,101651.0,101103.0,102098.0,102775.0,1482.0,-0.758
B,Pressure,03-29,8375,100626.0,100402.0,100850.0,102775.0,1482.0,-1.45
B,Pressure,03-30,7930,100178.0,99946.0,100300.0,102775.0,1482.0,-1.752
B,Pressure,03-31,8453,100706.0,100278.0,101076.0,102775.0,1482.0,-1.396
C,Pressure,03-15,8611,101506.0,101340.0,101847.0,102824.0,1456.0,-0.905
C,Pressure,03-16,8606,101267.0,101218.0,101907.0,102824.0,1456.0,-1.069
C,Pressure,03-17,6313,102596.0,102210.0,102822.0,102824.0,1456.0,-0.157
C,Pressure,03-18,5095,103598.0,103542.0,103756.0,102824.0,1456.0,0.532
C,Pressure,03-19,8617,102948.0,102575.0,103428.0,102824.0,1456.0,0.085
C,Pressure,03-20,8610,102137.0,102015.0,102399.0,102824.0,1456.0,-0.472
C,Pressure,03-21,8610,102137.0,102044.0,102208.0,102824.0,1456.0,-0.472
C,Pressure,03-22,8597,102167.0,102108.0,102268.0,102824.0,1456.0,-0.451
C,Pressure,03-23,8606,102387.0,102290.0,102495.0,102824.0,1456.0,-0.3
C,Pressure,03-24,8612,102457.0,102363.0,102530.0,102824.0,1456.0,-0.252
C,Pressure,03-25,8604,102577.0,102500.0,102697.0,102824.0,1456.0,-0.17
C,Pressure,03-26,8619,102703.0,102592.0,102807.0,102824.0,1456.0,-0.083
C,Pressure,03-27,8621,102609.0,102355.0,102742.0,102824.0,1456.0,-0.148
C,Pressure,03-28,8610,101685.0,101157.0,102149.0,102824.0,1456.0,-0.782
C,Pressure,03-29,8610,100668.0,100456.0,100898.0,102824.0,1456.0,-1.481
C,Pressure,03-30,8252,100230.0,99988.0,100348.0,102824.0,1456.0,-1.782
C,Pressure,03-31,8616,100762.0,100342.0,101137.0,102824.0,1456.0,-1.416
D,Pressure,03-15,8621,101514.0,101345.0,101847.0,102830.0,1467.8,-0.897
D,Pressure,03-16,8621,101272.0,101225.0,101910.0,102830.0,1467.8,-1.061
D,Pressure,03-17,6319,102609.0,102212.0,102828.4,102830.0,1467.8,-0.151
D,Pressure,03-18,5113,103604.0,103547.0,103764.0,102830.0,1467.8,0.527
D,Pressure,03-19,8617,102957.0,102578.0,103429.0,102830.0,1467.8,0.087
D,Pressure,03-20,8621,102138.0,102019.0,102398.0,102830.0,1467.8,-0.471
D,Pressure,03-21,8622,102138.0,102051.2,102209.0,102830.0,1467.8,-0.471
D,Pressure,03-22,8621,102171.0,102115.0,102269.0,102830.0,1467.8,-0.449
D,Pressure,03-23,8622,102394.0,102293.0,102500.0,102830.0,1467.8,-0.297
D,Pressure,03-24,8622,102462.0,102368.0,102533.0,102830.0,1467.8,-0.251
D,Pressure,03-25,8621,102582.0,102504.0,102703.0,102830.0,1467.8,-0.169
D,Pressure,03-26,8621,102708.0,102612.0,102814.0,102830.0,1467.8,-0.083
D,Pressure,03-27,8620,102621.0,102364.0,102750.0,102830.0,1467.8,-0.142
D,Pressure,03-28,8621,101701.0,101168.0,102158.0,102830.0,1467.8,-0.769
D,Pressure,03-29,8621,100678.0,100464.0,100907.0,102830.0,1467.8,-1.466
D,Pressure,03-30,8258,100240.0,99998.0,100358.0,102830.0,1467.8,-1.765
D,Pressure,03-31,8616,100770.0,100346.0,101139.0,102830.0,1467.8,-1.403
E,Pressure,03-15,8623,101494.0,101326.0,101831.0,102810.0,1460.0,-0.901
E,Pressure,03-16,8622,101252.0,101202.0,101889.0,102810.0,1460.0,-1.067
E,Pressure,03-17,6320,102579.0,102192.0,102806.0,102810.0,1460.0,-0.158
E,Pressure,03-18,5114,103583.0,103526.0,103742.0,102810.0,1460.0,0.529
E,Pressure,03-19,8621,102937.0,102557.0,103408.0,102810.0,1460.0,0.087
E,Pressure,03-20,8621,102121.0,102005.0,102383.0,102810.0,1460.0,-0.472
E,Pressure,03-21,8622,102123.0,102036.0,102192.0,102810.0,1460.0,-0.471
E,Pressure,03-22,8622,102153.0,102094.0,102252.0,102810.0,1460.0,-0.45
E,Pressure,03-23,8623,102375.0,102274.0,102482.0,102810.0,1460.0,-0.298
E,Pressure,03-24,8617,102443.0,102349.0,102516.0,102810.0,1460.0,-0.251
E,Pressure,03-25,8622,102563.0,102486.0,102685.0,102810.0,1460.0,-0.169
E,Pressure,03-26,8622,102691.0,102584.0,102795.0,102810.0,1460.0,-0.082
E,Pressure,03-27,8620,102592.0,102337.0,102732.0,102810.0,1460.0,-0.149
E,Pressure,03-28,8622,101675.0,101145.0,102132.8,102810.0,1460.0,-0.777
E,Pressure,03-29,8621,100658.0,100442.0,100886.0,102810.0,1460.0,-1.474
E,Pressure,03-30,8260,100216.0,99974.0,100334.0,102810.0,1460.0,-1.777
E,Pressure,03-31,8621,100748.0,100328.0,101119.0,102810.0,1460.0,-1.412
F,Pressure,03-15,8615,101531.0,101361.0,101866.0,102845.0,1468.0,-0.895
F,Pressure,03-16,8616,101289.0,101242.0,101928.0,102845.0,1468.0,-1.06
F,Pressure,03-17,6315,102628.0,102230.0,102843.0,102845.0,1468.0,-0.148
F,Pressure,03-18,5101,103621.0,103566.0,103781.0,102845.0,1468.0,0.529
F,Pressure,03-19,8621,102977.0,102595.0,103447.0,102845.0,1468.0,0.09
F,Pressure,03-20,8621,102156.0,102038.0,102415.0,102845.0,1468.0,-0.469
F,Pressure,03-21,8603,102158.0,102071.0,102228.0,102845.0,1468.0,-0.468
F,Pressure,03-22,8599,102187.0,102131.0,102287.0,102845.0,1468.0,-0.448
F,Pressure,03-23,8577,102410.0,102309.0,102515.0,102845.0,1468.0,-0.296
F,Pressure,03-24,8605,102476.0,102384.0,102550.0,102845.0,1468.0,-0.251
F,Pressure,03-25,8602,102595.0,102519.0,102720.0,102845.0,1468.0,-0.17
F,Pressure,03-26,8620,102722.0,102622.0,102827.0,102845.0,1468.0,-0.084
F,Pressure,03-27,8617,102634.0,102376.0,102763.0,102845.0,1468.0,-0.144
F,Pressure,03-28,8617,101708.0,101178.0,102166.8,102845.0,1468.0,-0.775
F,Pressure,03-29,8615,100691.0,100475.0,100921.0,102845.0,1468.0,-1.467
F,Pressure,03-30,8253,100249.0,100005.0,100369.0,102845.0,1468.0,-1.768
F,Pressure,03-31,8618,100781.0,100359.0,101148.0,102845.0,1468.0,-1.406
G,Pressure,03-15,8609,101516.0,101349.0,101852.0,102831.0,1467.0,-0.896
G,Pressure,03-16,8606,101276.0,101229.0,101913.0,102831.0,1467.0,-1.06
G,Pressure,03-17,6300,102611.0,102214.0,102829.0,102831.0,1467.0,-0.15
G,Pressure,03-18,5102,103607.0,103550.0,103767.0,102831.0,1467.0,0.529
G,Pressure,03-19,8613,102957.0,102579.0,103433.0,102831.0,1467.0,0.086
G,Pressure,03-20,8611,102139.0,102017.0,102395.0,102831.0,1467.0,-0.472
G,Pressure,03-21,8593,102139.0,102050.0,102212.0,102831.0,1467.0,-0.472
G,Pressure,03-22,8606,102173.0,102116.0,102270.0,102831.0,1467.0,-0.449
G,Pressure,03-23,8603,102391.0,102292.0,102499.0,102831.0,1467.0,-0.3
G,Pressure,03-24,8610,102457.0,102363.0,102530.0,102831.0,1467.0,-0.255
G,Pressure,03-25,8602,102579.0,102501.0,102699.0,102831.0,1467.0,-0.172
G,Pressure,03-26,8614,102703.0,102605.0,102809.0,102831.0,1467.0,-0.087
G,Pressure,03-27,8616,102616.0,102363.0,102748.0,102831.0,1467.0,-0.147
G,Pressure,03-28,8610,101693.0,101162.0,102155.0,102831.0,1467.0,-0.776
G,Pressure,03-29,8604,100677.0,100461.0,100907.0,102831.0,1467.0,-1.468
G,Pressure,03-30,8244,100235.0,99993.0,100353.0,102831.0,1467.0,-1.77
G,Pressure,03-31,8609,100763.0,100343.0,101133.0,102831.0,1467.0,-1.41
H,Pressure,03-15,8431,101506.0,101335.0,101836.0,102780.0,1468.0,-0.868
H,Pressure,03-16,8409,101262.0,101217.0,101901.0,102780.0,1468.0,-1.034
H,Pressure,03-17,6131,102583.0,102202.0,102815.0,102780.0,1468.0,-0.134
H,Pressure,03-18,4370,103598.0,103543.0,103754.0,102780.0,1468.0,0.557
H,Pressure,03-19,8560,102945.0,102571.0,103422.0,102780.0,1468.0,0.112
H,Pressure,03-20,7713,102182.0,102019.0,102401.0,102780.0,1468.0,-0.407
H,Pressure,03-21,8018,102125.0,102046.0,102202.0,102780.0,1468.0,-0.446
H,Pressure,03-22,7484,102161.0,102104.0,102263.0,102780.0,1468.0,-0.422
H,Pressure,03-23,6608,102375.0,102276.0,102493.0,102780.0,1468.0,-0.276
H,Pressure,03-24,7989,102455.0,102363.0,102526.0,102780.0,1468.0,-0.221
H,Pressure,03-25,8528,102571.0,102497.0,102692.0,102780.0,1468.0,-0.142
H,Pressure,03-26,8620,102697.0,102598.0,102801.0,102780.0,1468.0,-0.057
H,Pressure,03-27,8611,102611.0,102354.0,102737.0,102780.0,1468.0,-0.115
H,Pressure,03-28,8233,101738.0,101148.0,102155.0,102780.0,1468.0,-0.71
H,Pressure,03-29,7383,100710.0,100450.0,100914.0,102780.0,1468.0,-1.41
H,Pressure,03-30,6692,100240.0,100020.0,100366.0,102780.0,1468.0,-1.73
H,Pressure,03-31,4559,100501.0,100329.0,100760.0,102780.0,1468.0,-1.552
A,Light,03-15,8614,2612.0,0.0,2788.0,2609.0,2957.0,0.001
A,Light,03-16,8612,41.0,0.0,2668.0,2609.0,2957.0,-0.868
A,Light,03-17,6316,89.0,0.0,2869.5,2609.0,2957.0,-0.852
A,Light,03-18,5086,2696.0,44.0,3034.0,2609.0,2957.0,0.029
A,Light,03-19,8617,31.0,0.0,423.0,2609.0,2957.0,-0.872
A,Light,03-20,8617,287.0,11.0,2878.4,2609.0,2957.0,-0.785
A,Light,03-21,8608,257.0,0.0,2777.0,2609.0,2957.0,-0.795
A,Light,03-22,8615,2607.0,0.0,2880.0,2609.0,2957.0,-0.001
A,Light,03-23,8589,85.0,10.0,2806.0,2609.0,2957.0,-0.854
A,Light,03-24,8611,67.0,0.0,2865.0,2609.0,2957.0,-0.86
A,Light,03-25,8604,102.0,0.0,2778.0,2609.0,2957.0,-0.848
A,Light,03-26,8618,214.0,10.0,2910.0,2609.0,2957.0,-0.81
A,Light,03-27,8621,80.0,0.0,2596.0,2609.0,2957.0,-0.855
A,Light,03-28,8618,31.0,0.0,2642.0,2609.0,2957.0,-0.872
A,Light,03-29,8609,30.0,0.0,2674.0,2609.0,2957.0,-0.872
A,Light,03-30,8245,41.0,0.0,2721.0,2609.0,2957.0,-0.868
A,Light,03-31,8609,2578.0,0.0,2795.0,2609.0,2957.0,-0.01
B,Light,03-15,7366,624.0,0.0,681.0,656.0,684.0,-0.047
B,Light,03-16,8248,650.5,0.0,665.0,656.0,684.0,-0.008
B,Light,03-17,5563,624.0,0.0,684.0,656.0,684.0,-0.047
B,Light,03-18,4641,658.0,648.0,684.0,656.0,684.0,0.003
B,Light,03-19,8425,651.0,0.0,677.0,656.0,684.0,-0.007
B,Light,03-20,8500,258.0,0.0,662.0,656.0,684.0,-0.582
B,Light,03-21,8066,4.0,0.0,677.0,656.0,684.0,-0.953
B,Light,03-22,7298,659.0,4.0,687.0,656.0,684.0,0.004
B,Light,03-23,7062,271.0,0.0,680.0,656.0,684.0,-0.563
B,Light,03-24,7008,12.0,4.0,634.0,656.0,684.0,-0.942
B,Light,03-25,8368,171.5,0.0,641.0,656.0,684.0,-0.708
B,Light,03-26,8582,2.0,0.0,30.0,656.0,684.0,-0.956
B,Light,03-27,8615,2.0,0.0,33.0,656.0,684.0,-0.956
B,Light,03-28,8478,4.0,0.0,646.0,656.0,684.0,-0.953
B,Light,03-29,8375,0.0,0.0,621.0,656.0,684.0,-0.959
B,Light,03-30,7930,0.0,0.0,633.0,656.0,684.0,-0.959
B,Light,03-31,8453,445.0,0.0,465.0,656.0,684.0,-0.308
C,Light,03-15,8611,900.0,0.0,4219.0,1231.0,8899.3,-0.037
C,Light,03-16,8606,873.0,1.0,1342.0,1231.0,8899.3,-0.04
C,Light,03-17,6313,1179.0,0.0,8706.0,1231.0,8899.3,-0.006
C,Light,03-18,5095,2864.0,879.0,9224.2,1231.0,8899.3,0.183
C,Light,03-19,8617,184.0,0.0,7706.0,1231.0,8899.3,-0.118
C,Light,03-20,8610,69.0,14.0,7912.2,1231.0,8899.3,-0.131
C,Light,03-21,8610,887.0,0.0,5087.3,1231.0,8899.3,-0.039
C,Light,03-22,8597,872.0,0.0,9120.4,1231.0,8899.3,-0.04
C,Light,03-23,8606,846.0,11.0,8865.0,1231.0,8899.3,-0.043
C,Light,03-24,8612,960.0,0.0,8315.5,1231.0,8899.3,-0.03
C,Light,03-25,8604,886.0,0.0,7543.8,1231.0,8899.3,-0.039
C,Light,03-26,8619,102.0,8.0,5725.0,1231.0,8899.3,-0.127
C,Light,03-27,8621,114.0,0.0,5844.0,1231.0,8899.3,-0.126
C,Light,03-28,8610,246.5,0.0,6264.1,1231.0,8899.3,-0.111
C,Light,03-29,8610,29.0,0.0,2468.1,1231.0,8899.3,-0.135
C,Light,03-30,8252,957.0,0.0,6665.9,1231.0,8899.3,-0.031
C,Light,03-31,8616,458.5,0.0,6513.0,1231.0,8899.3,-0.087
D,Light,03-15,8621,46.0,1.0,2153.0,259.0,5027.9,-0.042
D,Light,03-16,8621,7.0,2.0,258.0,259.0,5027.9,-0.05
D,Light,03-17,6319,216.0,1.0,3847.0,259.0,5027.9,-0.009
D,Light,03-18,5113,1188.0,2.0,6022.2,259.0,5027.9,0.185
D,Light,03-19,8617,51.0,1.0,4987.0,259.0,5027.9,-0.041
D,Light,03-20,8621,40.0,1.0,4272.0,259.0,5027.9,-0.044
D,Light,03-21,8622,45.0,1.0,3220.0,259.0,5027.9,-0.043
D,Light,03-22,8621,68.0,1.0,4979.0,259.0,5027.9,-0.038
D,Light,03-23,8622,91.5,1.0,22804.2,259.0,5027.9,-0.033
D,Light,03-24,8622,187.5,7.0,7618.2,259.0,5027.9,-0.014
D,Light,03-25,8621,242.0,6.0,18707.0,259.0,5027.9,-0.003
D,Light,03-26,8621,237.0,6.0,25229.0,259.0,5027.9,-0.004
D,Light,03-27,8620,248.5,6.0,17363.1,259.0,5027.9,-0.002
D,Light,03-28,8621,177.0,6.0,7367.0,259.0,5027.9,-0.016
D,Light,03-29,8621,54.0,6.0,1715.0,259.0,5027.9,-0.041
D,Light,03-30,8258,94.0,6.0,5673.9,259.0,5027.9,-0.033
D,Light,03-31,8616,318.0,6.0,6378.5,259.0,5027.9,0.012
E,Light,03-15,8623,324.0,1.0,4694.8,3723.0,6889.1,-0.493
E,Light,03-16,8622,5.0,1.0,3777.0,3723.0,6889.1,-0.54
E,Light,03-17,6320,424.0,1.0,6653.1,3723.0,6889.1,-0.479
E,Light,03-18,5114,4731.5,1.0,7072.4,3723.0,6889.1,0.146
E,Light,03-19,8621,71.0,1.0,3396.0,3723.0,6889.1,-0.53
E,Light,03-20,8621,35.0,1.0,3581.0,3723.0,6889.1,-0.535
E,Light,03-21,8622,68.0,1.0,5119.0,3723.0,6889.1,-0.531
E,Light,03-22,8622,43.5,1.0,5987.0,3723.0,6889.1,-0.534
E,Light,03-23,8623,237.0,1.0,6347.8,3723.0,6889.1,-0.506
E,Light,03-24,8617,251.0,1.0,5979.4,3723.0,6889.1,-0.504
E,Light,03-25,8622,699.0,1.0,6142.0,3723.0,6889.1,-0.439
E,Light,03-26,8622,189.5,1.0,3827.3,3723.0,6889.1,-0.513
E,Light,03-27,8620,64.0,1.0,3373.0,3723.0,6889.1,-0.531
E,Light,03-28,8622,246.5,1.0,5731.0,3723.0,6889.1,-0.505
E,Light,03-29,8621,43.0,1.0,4027.0,3723.0,6889.1,-0.534
E,Light,03-30,8260,200.0,1.0,5158.1,3723.0,6889.1,-0.511
E,Light,03-31,8621,421.0,1.0,6372.0,3723.0,6889.1,-0.479
F,Light,03-15,8615,100.0,0.0,2999.4,208.0,2747.0,-0.039
F,Light,03-16,8616,5.0,0.0,1558.0,208.0,2747.0,-0.074
F,Light,03-17,6315,139.0,0.0,2659.6,208.0,2747.0,-0.025
F,Light,03-18,5101,781.0,0.0,2811.0,208.0,2747.0,0.209
F,Light,03-19,8621,26.0,0.0,2228.0,208.0,2747.0,-0.066
F,Light,03-20,8621,33.0,0.0,2175.0,208.0,2747.0,-0.064
F,Light,03-21,8603,1440.0,0.0,3151.6,208.0,2747.0,0.448
F,Light,03-22,8599,1448.0,4.0,3915.0,208.0,2747.0,0.451
F,Light,03-23,8577,1438.0,3.0,3521.6,208.0,2747.0,0.448
F,Light,03-24,8605,1439.0,0.0,2109.6,208.0,2747.0,0.448
F,Light,03-25,8602,461.0,0.0,4074.0,208.0,2747.0,0.092
F,Light,03-26,8620,67.0,0.0,2362.3,208.0,2747.0,-0.051
F,Light,03-27,8617,77.0,0.0,2438.4,208.0,2747.0,-0.048
F,Light,03-28,8617,42.0,0.0,3789.4,208.0,2747.0,-0.06
F,Light,03-29,8615,11.0,0.0,1613.6,208.0,2747.0,-0.072
F,Light,03-30,8253,201.0,0.0,3066.8,208.0,2747.0,-0.003
F,Light,03-31,8618,1445.0,0.0,3084.3,208.0,2747.0,0.45
G,Light,03-15,8609,467.0,1.0,1677.0,514.0,1841.0,-0.026
G,Light,03-16,8606,76.0,2.0,1459.0,514.0,1841.0,-0.238
G,Light,03-17,6300,251.0,2.0,1848.0,514.0,1841.0,-0.143
G,Light,03-18,5102,1419.0,32.0,1811.0,514.0,1841.0,0.492
G,Light,03-19,8613,242.0,2.0,1790.0,514.0,1841.0,-0.148
G,Light,03-20,8611,42.0,16.0,430.0,514.0,1841.0,-0.256
G,Light,03-21,8593,1435.0,2.0,1877.0,514.0,1841.0,0.5
G,Light,03-22,8606,1421.0,2.0,1891.0,514.0,1841.0,0.493
G,Light,03-23,8603,309.0,14.0,1875.0,514.0,1841.0,-0.111
G,Light,03-24,8610,201.0,2.0,1865.0,514.0,1841.0,-0.17
G,Light,03-25,8602,1420.0,2.0,1895.0,514.0,1841.0,0.492
G,Light,03-26,8614,1444.0,1370.0,1844.0,514.0,1841.0,0.505
G,Light,03-27,8616,271.0,2.0,1840.0,514.0,1841.0,-0.132
G,Light,03-28,8610,98.5,2.0,1518.0,514.0,1841.0,-0.226
G,Light,03-29,8604,11.0,2.0,1596.0,514.0,1841.0,-0.273
G,Light,03-30,8244,122.0,2.0,1887.0,514.0,1841.0,-0.213
G,Light,03-31,8609,1456.0,2.0,1870.0,514.0,1841.0,0.512
H,Light,03-15,8431,3623.0,0.0,3782.0,2469.0,3747.0,0.308
H,Light,03-16,8409,3581.0,0.0,3723.0,2469.0,3747.0,0.297
H,Light,03-17,6131,1146.0,0.0,3765.0,2469.0,3747.0,-0.353
H,Light,03-18,4370,2473.0,2418.0,3711.0,2469.0,3747.0,0.001
H,Light,03-19,8560,2380.0,0.0,2503.0,2469.0,3747.0,-0.024
H,Light,03-20,7713,43.0,0.0,1005.0,2469.0,3747.0,-0.647
H,Light,03-21,8018,98.0,0.0,3741.0,2469.0,3747.0,-0.633
H,Light,03-22,7484,3698.0,98.0,3793.0,2469.0,3747.0,0.328
H,Light,03-23,6608,1285.0,0.0,3788.0,2469.0,3747.0,-0.316
H,Light,03-24,7989,1300.0,98.0,3790.0,2469.0,3747.0,-0.312
H,Light,03-25,8528,227.0,0.0,3823.3,2469.0,3747.0,-0.598
H,Light,03-26,8620,4.0,0.0,48.0,2469.0,3747.0,-0.658
H,Light,03-27,8611,4.0,0.0,57.0,2469.0,3747.0,-0.658
H,Light,03-28,8233,4.0,0.0,3838.0,2469.0,3747.0,-0.658
H,Light,03-29,7383,0.0,0.0,3708.0,2469.0,3747.0,-0.659
H,Light,03-30,6692,1.0,0.0,3649.0,2469.0,3747.0,-0.659
H,Light,03-31,4559,20.0,0.0,3575.0,2469.0,3747.0,-0.654
