device,channel,hour_utc,n,median,p10_p90_width,ref_hourly_median_width,width_x,ref_p90_x,shift_in_ref_widths
A,Gas,2022-03-26T00:00Z,359,2773.313,1080.7762,183.5348,5.889,3.192,1.239
A,Gas,2022-03-26T01:00Z,359,2785.9829,228.7919,183.5348,1.247,3.192,1.248
A,Gas,2022-03-26T02:00Z,359,2461.478,674.6922,183.5348,3.676,3.192,1.029
A,Gas,2022-03-26T03:00Z,359,2270.908,202.8672,183.5348,1.105,3.192,0.901
A,Gas,2022-03-26T04:00Z,360,1578.314,905.2312,183.5348,4.932,3.192,0.434
A,Gas,2022-03-26T05:00Z,359,979.811,434.0608,183.5348,2.365,3.192,0.03
A,Gas,2022-03-26T06:00Z,359,664.13,787.7777,183.5348,4.292,3.192,-0.183
A,Gas,2022-03-26T07:00Z,359,2176.656,417.5208,183.5348,2.275,3.192,0.837
A,Gas,2022-03-26T08:00Z,359,1457.361,1815.2025,183.5348,9.89,3.192,0.352
A,Gas,2022-03-26T09:00Z,359,546.402,66.2402,183.5348,0.361,3.192,-0.262
A,Gas,2022-03-26T10:00Z,360,735.933,222.0546,183.5348,1.21,3.192,-0.134
A,Gas,2022-03-26T11:00Z,358,567.013,128.1059,183.5348,0.698,3.192,-0.248
A,Gas,2022-03-26T12:00Z,359,600.318,65.4398,183.5348,0.357,3.192,-0.226
A,Gas,2022-03-26T13:00Z,358,537.5645,115.8669,183.5348,0.631,3.192,-0.268
A,Gas,2022-03-26T14:00Z,359,530.677,46.9296,183.5348,0.256,3.192,-0.273
A,Gas,2022-03-26T15:00Z,360,523.225,45.302,183.5348,0.247,3.192,-0.278
A,Gas,2022-03-26T16:00Z,359,544.17,71.5754,183.5348,0.39,3.192,-0.264
A,Gas,2022-03-26T17:00Z,359,2579.9919,2279.169,183.5348,12.418,3.192,1.109
A,Gas,2022-03-26T18:00Z,359,2686.6599,420.6317,183.5348,2.292,3.192,1.181
A,Gas,2022-03-26T19:00Z,359,2318.8569,116.5133,183.5348,0.635,3.192,0.933
A,Gas,2022-03-26T20:00Z,360,2504.9449,129.3669,183.5348,0.705,3.192,1.058
A,Gas,2022-03-26T21:00Z,359,2410.28,266.1921,183.5348,1.45,3.192,0.995
A,Gas,2022-03-26T22:00Z,359,2154.282,122.3942,183.5348,0.667,3.192,0.822
A,Gas,2022-03-26T23:00Z,359,2271.7771,129.3589,183.5348,0.705,3.192,0.901
A,Gas,2022-03-27T00:00Z,359,2462.939,129.6086,183.5348,0.706,3.192,1.03
A,Gas,2022-03-27T01:00Z,360,2484.259,40.575,183.5348,0.221,3.192,1.044
A,Gas,2022-03-27T02:00Z,359,2383.948,144.9773,183.5348,0.79,3.192,0.977
A,Gas,2022-03-27T03:00Z,359,2218.46,128.3696,183.5348,0.699,3.192,0.865
A,Gas,2022-03-27T04:00Z,359,2144.656,113.5989,183.5348,0.619,3.192,0.815
A,Gas,2022-03-27T05:00Z,359,1980.828,174.1761,183.5348,0.949,3.192,0.705
A,Gas,2022-03-27T06:00Z,360,1658.1825,222.9632,183.5348,1.215,3.192,0.487
A,Gas,2022-03-27T07:00Z,359,1775.396,76.8462,183.5348,0.419,3.192,0.566
A,Gas,2022-03-27T08:00Z,359,1587.2841,287.4022,183.5348,1.566,3.192,0.44
A,Gas,2022-03-27T09:00Z,359,1627.3669,128.4742,183.5348,0.7,3.192,0.467
A,Gas,2022-03-27T10:00Z,359,1605.424,208.1176,183.5348,1.134,3.192,0.452
A,Gas,2022-03-27T11:00Z,359,1822.3199,172.9686,183.5348,0.942,3.192,0.598
A,Gas,2022-03-27T12:00Z,360,1856.488,914.9951,183.5348,4.985,3.192,0.621
A,Gas,2022-03-27T13:00Z,359,2703.5991,204.5271,183.5348,1.114,3.192,1.192
A,Gas,2022-03-27T14:00Z,359,2447.0911,285.9438,183.5348,1.558,3.192,1.019
A,Gas,2022-03-27T15:00Z,359,2165.519,254.1155,183.5348,1.385,3.192,0.83
A,Gas,2022-03-27T16:00Z,359,1953.101,158.7336,183.5348,0.865,3.192,0.686
A,Gas,2022-03-27T17:00Z,360,1920.2645,131.6764,183.5348,0.717,3.192,0.664
A,Gas,2022-03-27T18:00Z,359,2102.8301,63.8372,183.5348,0.348,3.192,0.787
A,Gas,2022-03-27T19:00Z,359,2164.605,91.2858,183.5348,0.497,3.192,0.829
A,Gas,2022-03-27T20:00Z,359,2135.8379,48.4099,183.5348,0.264,3.192,0.809
A,Gas,2022-03-27T21:00Z,359,2031.184,166.8972,183.5348,0.909,3.192,0.739
A,Gas,2022-03-27T22:00Z,359,1772.689,218.5955,183.5348,1.191,3.192,0.565
A,Gas,2022-03-27T23:00Z,360,1507.1445,156.4388,183.5348,0.852,3.192,0.386
A,Gas,2022-03-28T00:00Z,359,1356.8979,194.0169,183.5348,1.057,3.192,0.284
A,Gas,2022-03-28T01:00Z,359,1393.986,240.4299,183.5348,1.31,3.192,0.309
A,Gas,2022-03-28T02:00Z,359,1284.256,138.8166,183.5348,0.756,3.192,0.235
A,Gas,2022-03-28T03:00Z,359,1308.507,143.7468,183.5348,0.783,3.192,0.252
A,Gas,2022-03-28T04:00Z,359,1313.0129,289.4604,183.5348,1.577,3.192,0.255
A,Gas,2022-03-28T05:00Z,360,1656.6325,21.776,183.5348,0.119,3.192,0.486
A,Gas,2022-03-28T06:00Z,359,1675.973,40.5676,183.5348,0.221,3.192,0.499
A,Gas,2022-03-28T07:00Z,359,1648.274,45.6706,183.5348,0.249,3.192,0.481
A,Gas,2022-03-28T08:00Z,359,1703.418,38.5584,183.5348,0.21,3.192,0.518
A,Gas,2022-03-28T09:00Z,359,1647.001,73.2298,183.5348,0.399,3.192,0.48
A,Gas,2022-03-28T10:00Z,360,1532.6105,130.3335,183.5348,0.71,3.192,0.403
A,Gas,2022-03-28T11:00Z,359,1288.27,382.6944,183.5348,2.085,3.192,0.238
A,Gas,2022-03-28T12:00Z,359,701.317,312.727,183.5348,1.704,3.192,-0.158
A,Gas,2022-03-28T13:00Z,357,547.204,60.0154,183.5348,0.327,3.192,-0.262
A,Gas,2022-03-28T14:00Z,360,555.612,28.0291,183.5348,0.153,3.192,-0.256
A,Gas,2022-03-28T15:00Z,358,526.0265,49.554,183.5348,0.27,3.192,-0.276
A,Gas,2022-03-28T16:00Z,359,578.038,54.1656,183.5348,0.295,3.192,-0.241
A,Gas,2022-03-28T17:00Z,359,646.497,73.3036,183.5348,0.399,3.192,-0.195
A,Gas,2022-03-28T18:00Z,360,963.0395,400.8641,183.5348,2.184,3.192,0.019
A,Gas,2022-03-28T19:00Z,359,1209.483,87.0642,183.5348,0.474,3.192,0.185
A,Gas,2022-03-28T20:00Z,359,1188.139,91.3522,183.5348,0.498,3.192,0.171
A,Gas,2022-03-28T21:00Z,359,1160.212,91.7501,183.5348,0.5,3.192,0.152
A,Gas,2022-03-28T22:00Z,359,1274.951,87.8844,183.5348,0.479,3.192,0.229
A,Gas,2022-03-28T23:00Z,360,1363.6985,111.0814,183.5348,0.605,3.192,0.289
B,Gas,2022-03-26T00:00Z,359,7423.7651,2187.3424,427.8965,5.112,3.951,1.54
B,Gas,2022-03-26T01:00Z,359,8390.9775,1053.5852,427.8965,2.462,3.951,1.79
B,Gas,2022-03-26T02:00Z,359,7523.9961,1902.3081,427.8965,4.446,3.951,1.566
B,Gas,2022-03-26T03:00Z,360,7206.6313,666.6739,427.8965,1.558,3.951,1.484
B,Gas,2022-03-26T04:00Z,359,5530.875,2349.0704,427.8965,5.49,3.951,1.052
B,Gas,2022-03-26T05:00Z,359,4059.9199,792.8663,427.8965,1.853,3.951,0.672
B,Gas,2022-03-26T06:00Z,359,3200.75,3124.9398,427.8965,7.303,3.951,0.45
B,Gas,2022-03-26T07:00Z,359,6418.7632,814.5903,427.8965,1.904,3.951,1.281
B,Gas,2022-03-26T08:00Z,360,3216.4344,5037.8178,427.8965,11.773,3.951,0.454
B,Gas,2022-03-26T09:00Z,358,575.159,320.2582,427.8965,0.748,3.951,-0.228
B,Gas,2022-03-26T10:00Z,359,573.353,149.176,427.8965,0.349,3.951,-0.229
B,Gas,2022-03-26T11:00Z,359,526.84,121.2494,427.8965,0.283,3.951,-0.241
B,Gas,2022-03-26T12:00Z,359,594.962,82.7638,427.8965,0.193,3.951,-0.223
B,Gas,2022-03-26T13:00Z,358,525.351,111.7534,427.8965,0.261,3.951,-0.241
B,Gas,2022-03-26T14:00Z,359,533.312,70.9272,427.8965,0.166,3.951,-0.239
B,Gas,2022-03-26T15:00Z,329,519.684,43.277,427.8965,0.101,3.951,-0.242
B,Gas,2022-03-26T16:00Z,356,569.845,96.132,427.8965,0.225,3.951,-0.229
B,Gas,2022-03-26T17:00Z,358,576.4665,183.6492,427.8965,0.429,3.951,-0.228
B,Gas,2022-03-26T18:00Z,360,3916.6014,3028.3886,427.8965,7.077,3.951,0.635
B,Gas,2022-03-26T19:00Z,358,5690.1494,1017.6887,427.8965,2.378,3.951,1.093
B,Gas,2022-03-26T20:00Z,359,6754.4502,631.2867,427.8965,1.475,3.951,1.368
B,Gas,2022-03-26T21:00Z,358,6955.936,305.6801,427.8965,0.714,3.951,1.42
B,Gas,2022-03-26T22:00Z,359,6686.21,221.9006,427.8965,0.519,3.951,1.35
B,Gas,2022-03-26T23:00Z,360,6737.8049,141.1846,427.8965,0.33,3.951,1.363
B,Gas,2022-03-27T00:00Z,359,6978.6758,351.9946,427.8965,0.823,3.951,1.426
B,Gas,2022-03-27T01:00Z,359,7004.5752,127.4984,427.8965,0.298,3.951,1.432
B,Gas,2022-03-27T02:00Z,358,6692.0215,254.0688,427.8965,0.594,3.951,1.351
B,Gas,2022-03-27T03:00Z,359,6349.5259,252.0421,427.8965,0.589,3.951,1.263
B,Gas,2022-03-27T04:00Z,359,6174.7661,229.5578,427.8965,0.536,3.951,1.218
B,Gas,2022-03-27T05:00Z,360,5665.1101,536.2497,427.8965,1.253,3.951,1.086
B,Gas,2022-03-27T06:00Z,359,4702.106,543.6018,427.8965,1.27,3.951,0.838
B,Gas,2022-03-27T07:00Z,359,4484.3848,116.6785,427.8965,0.273,3.951,0.781
B,Gas,2022-03-27T08:00Z,359,4094.605,338.7524,427.8965,0.792,3.951,0.681
B,Gas,2022-03-27T09:00Z,358,4046.7426,418.2818,427.8965,0.978,3.951,0.668
B,Gas,2022-03-27T10:00Z,359,4157.7319,243.0191,427.8965,0.568,3.951,0.697
B,Gas,2022-03-27T11:00Z,360,4153.1536,336.7269,427.8965,0.787,3.951,0.696
B,Gas,2022-03-27T12:00Z,358,3924.6055,313.9841,427.8965,0.734,3.951,0.637
B,Gas,2022-03-27T13:00Z,358,3522.5675,139.6376,427.8965,0.326,3.951,0.533
B,Gas,2022-03-27T14:00Z,359,3434.2739,119.3628,427.8965,0.279,3.951,0.51
B,Gas,2022-03-27T15:00Z,359,3613.1699,246.7302,427.8965,0.577,3.951,0.556
B,Gas,2022-03-27T16:00Z,360,3643.656,466.1255,427.8965,1.089,3.951,0.564
B,Gas,2022-03-27T17:00Z,359,4188.0928,240.4898,427.8965,0.562,3.951,0.705
B,Gas,2022-03-27T18:00Z,359,5249.436,502.2382,427.8965,1.174,3.951,0.979
B,Gas,2022-03-27T19:00Z,359,5390.147,123.5632,427.8965,0.289,3.951,1.015
B,Gas,2022-03-27T20:00Z,359,5270.7642,116.8508,427.8965,0.273,3.951,0.984
B,Gas,2022-03-27T21:00Z,360,5017.8154,276.8554,427.8965,0.647,3.951,0.919
B,Gas,2022-03-27T22:00Z,359,4548.3252,415.5507,427.8965,0.971,3.951,0.798
B,Gas,2022-03-27T23:00Z,358,4100.0774,303.3759,427.8965,0.709,3.951,0.682
B,Gas,2022-03-28T00:00Z,359,3822.759,341.4481,427.8965,0.798,3.951,0.611
B,Gas,2022-03-28T01:00Z,359,3996.8159,527.774,427.8965,1.233,3.951,0.656
B,Gas,2022-03-28T02:00Z,359,3749.5911,330.7206,427.8965,0.773,3.951,0.592
B,Gas,2022-03-28T03:00Z,360,3795.8424,349.1677,427.8965,0.816,3.951,0.604
B,Gas,2022-03-28T04:00Z,359,3731.8379,709.5451,427.8965,1.658,3.951,0.587
B,Gas,2022-03-28T05:00Z,359,4436.0552,96.3028,427.8965,0.225,3.951,0.769
B,Gas,2022-03-28T06:00Z,359,4337.9829,191.1221,427.8965,0.447,3.951,0.744
B,Gas,2022-03-28T07:00Z,359,4069.0371,58.9934,427.8965,0.138,3.951,0.674
B,Gas,2022-03-28T08:00Z,359,3749.082,998.9886,427.8965,2.335,3.951,0.592
B,Gas,2022-03-28T09:00Z,359,3510.0049,1804.6311,427.8965,4.217,3.951,0.53
B,Gas,2022-03-28T10:00Z,334,2666.9679,1227.954,427.8965,2.87,3.951,0.312
B,Gas,2022-03-28T11:00Z,357,895.374,1149.93,427.8965,2.687,3.951,-0.145
B,Gas,2022-03-28T12:00Z,359,503.983,59.6188,427.8965,0.139,3.951,-0.246
B,Gas,2022-03-28T13:00Z,358,560.561,127.7811,427.8965,0.299,3.951,-0.232
B,Gas,2022-03-28T14:00Z,314,596.082,228.2866,427.8965,0.534,3.951,-0.223
B,Gas,2022-03-28T15:00Z,314,633.2525,1120.8907,427.8965,2.62,3.951,-0.213
B,Gas,2022-03-28T16:00Z,337,2591.5,1019.0942,427.8965,2.382,3.951,0.293
B,Gas,2022-03-28T17:00Z,360,3216.0081,392.1599,427.8965,0.916,3.951,0.454
B,Gas,2022-03-28T18:00Z,359,5005.377,1635.56,427.8965,3.822,3.951,0.916
B,Gas,2022-03-28T19:00Z,359,5622.188,206.7228,427.8965,0.483,3.951,1.075
B,Gas,2022-03-28T20:00Z,359,5655.0908,265.6172,427.8965,0.621,3.951,1.084
B,Gas,2022-03-28T21:00Z,359,5448.4692,346.105,427.8965,0.809,3.951,1.03
B,Gas,2022-03-28T22:00Z,359,5593.8188,341.5831,427.8965,0.798,3.951,1.068
B,Gas,2022-03-28T23:00Z,359,5615.5508,503.5359,427.8965,1.177,3.951,1.074
C,Gas,2022-03-26T00:00Z,359,2024.453,768.9711,241.4028,3.185,2.641,0.751
C,Gas,2022-03-26T01:00Z,359,2447.2241,363.2919,241.4028,1.505,2.641,1.036
C,Gas,2022-03-26T02:00Z,359,1934.9561,674.1163,241.4028,2.792,2.641,0.691
C,Gas,2022-03-26T03:00Z,360,1933.718,311.8521,241.4028,1.292,2.641,0.69
C,Gas,2022-03-26T04:00Z,359,952.4,861.9088,241.4028,3.57,2.641,0.029
C,Gas,2022-03-26T05:00Z,359,547.79,224.0286,241.4028,0.928,2.641,-0.244
C,Gas,2022-03-26T06:00Z,359,797.617,1107.3894,241.4028,4.587,2.641,-0.076
C,Gas,2022-03-26T07:00Z,359,2159.8059,294.9838,241.4028,1.222,2.641,0.843
C,Gas,2022-03-26T08:00Z,359,866.661,1748.4521,241.4028,7.243,2.641,-0.029
C,Gas,2022-03-26T09:00Z,360,508.697,31.4241,241.4028,0.13,2.641,-0.271
C,Gas,2022-03-26T10:00Z,359,1099.964,570.4492,241.4028,2.363,2.641,0.128
C,Gas,2022-03-26T11:00Z,359,875.103,313.6501,241.4028,1.299,2.641,-0.024
C,Gas,2022-03-26T12:00Z,359,1028.468,230.193,241.4028,0.954,2.641,0.08
C,Gas,2022-03-26T13:00Z,358,1037.646,160.7908,241.4028,0.666,2.641,0.086
C,Gas,2022-03-26T14:00Z,360,655.389,231.8503,241.4028,0.96,2.641,-0.172
C,Gas,2022-03-26T15:00Z,359,555.305,112.6596,241.4028,0.467,2.641,-0.239
C,Gas,2022-03-26T16:00Z,359,532.754,51.5884,241.4028,0.214,2.641,-0.254
C,Gas,2022-03-26T17:00Z,359,3279.946,2815.7336,241.4028,11.664,2.641,1.598
C,Gas,2022-03-26T18:00Z,359,2844.499,1599.7574,241.4028,6.627,2.641,1.304
C,Gas,2022-03-26T19:00Z,360,1707.18,167.8254,241.4028,0.695,2.641,0.537
C,Gas,2022-03-26T20:00Z,359,1916.938,209.0494,241.4028,0.866,2.641,0.679
C,Gas,2022-03-26T21:00Z,359,1816.729,186.8476,241.4028,0.774,2.641,0.611
C,Gas,2022-03-26T22:00Z,359,1717.307,95.1758,241.4028,0.394,2.641,0.544
C,Gas,2022-03-26T23:00Z,359,1831.653,90.6936,241.4028,0.376,2.641,0.621
C,Gas,2022-03-27T00:00Z,360,1988.9845,84.5564,241.4028,0.35,2.641,0.727
C,Gas,2022-03-27T01:00Z,359,1986.214,59.8034,241.4028,0.248,2.641,0.726
C,Gas,2022-03-27T02:00Z,359,1886.387,102.3422,241.4028,0.424,2.641,0.658
C,Gas,2022-03-27T03:00Z,359,1780.799,80.7252,241.4028,0.334,2.641,0.587
C,Gas,2022-03-27T04:00Z,359,1761.059,123.721,241.4028,0.513,2.641,0.574
C,Gas,2022-03-27T05:00Z,359,1591.6899,167.2468,241.4028,0.693,2.641,0.46
C,Gas,2022-03-27T06:00Z,360,1590.9045,83.3429,241.4028,0.345,2.641,0.459
C,Gas,2022-03-27T07:00Z,359,1583.7419,51.2872,241.4028,0.212,2.641,0.454
C,Gas,2022-03-27T08:00Z,359,1328.136,212.093,241.4028,0.879,2.641,0.282
C,Gas,2022-03-27T09:00Z,359,1333.389,88.8444,241.4028,0.368,2.641,0.285
C,Gas,2022-03-27T10:00Z,359,1258.079,526.011,241.4028,2.179,2.641,0.235
C,Gas,2022-03-27T11:00Z,359,1787.076,222.2742,241.4028,0.921,2.641,0.591
C,Gas,2022-03-27T12:00Z,360,1677.1275,1346.6426,241.4028,5.578,2.641,0.517
C,Gas,2022-03-27T13:00Z,359,3075.77,220.9975,241.4028,0.915,2.641,1.46
C,Gas,2022-03-27T14:00Z,359,2489.0171,463.0084,241.4028,1.918,2.641,1.065
C,Gas,2022-03-27T15:00Z,359,2083.5659,278.178,241.4028,1.152,2.641,0.791
C,Gas,2022-03-27T16:00Z,359,1869.156,38.8916,241.4028,0.161,2.641,0.647
C,Gas,2022-03-27T17:00Z,360,1958.631,63.3077,241.4028,0.262,2.641,0.707
C,Gas,2022-03-27T18:00Z,359,1792.556,251.1585,241.4028,1.04,2.641,0.595
C,Gas,2022-03-27T19:00Z,359,1939.395,115.9834,241.4028,0.48,2.641,0.694
C,Gas,2022-03-27T20:00Z,359,1984.548,78.3943,241.4028,0.325,2.641,0.724
C,Gas,2022-03-27T21:00Z,359,1808.631,203.6504,241.4028,0.844,2.641,0.606
C,Gas,2022-03-27T22:00Z,360,1500.267,234.0366,241.4028,0.969,2.641,0.398
C,Gas,2022-03-27T23:00Z,359,1283.814,104.2344,241.4028,0.432,2.641,0.252
C,Gas,2022-03-28T00:00Z,359,1130.0551,188.952,241.4028,0.783,2.641,0.148
C,Gas,2022-03-28T01:00Z,359,1279.114,317.9719,241.4028,1.317,2.641,0.249
C,Gas,2022-03-28T02:00Z,359,1176.127,230.556,241.4028,0.955,2.641,0.179
C,Gas,2022-03-28T03:00Z,359,1183.943,163.1642,241.4028,0.676,2.641,0.185
C,Gas,2022-03-28T04:00Z,360,1337.286,456.3371,241.4028,1.89,2.641,0.288
C,Gas,2022-03-28T05:00Z,359,1737.733,33.1076,241.4028,0.137,2.641,0.558
C,Gas,2022-03-28T06:00Z,359,1796.093,92.4579,241.4028,0.383,2.641,0.597
C,Gas,2022-03-28T07:00Z,358,1703.114,57.1158,241.4028,0.237,2.641,0.535
C,Gas,2022-03-28T08:00Z,359,1732.9659,99.8622,241.4028,0.414,2.641,0.555
C,Gas,2022-03-28T09:00Z,357,1589.88,152.05,241.4028,0.63,2.641,0.458
C,Gas,2022-03-28T10:00Z,357,1475.8719,92.9358,241.4028,0.385,2.641,0.381
C,Gas,2022-03-28T11:00Z,359,1207.657,466.4168,241.4028,1.932,2.641,0.201
C,Gas,2022-03-28T12:00Z,359,606.243,236.2296,241.4028,0.979,2.641,-0.205
C,Gas,2022-03-28T13:00Z,359,533.048,47.1048,241.4028,0.195,2.641,-0.254
C,Gas,2022-03-28T14:00Z,358,626.5725,62.8204,241.4028,0.26,2.641,-0.191
C,Gas,2022-03-28T15:00Z,358,564.7715,104.259,241.4028,0.432,2.641,-0.233
C,Gas,2022-03-28T16:00Z,359,521.269,38.0288,241.4028,0.158,2.641,-0.262
C,Gas,2022-03-28T17:00Z,360,535.897,65.1847,241.4028,0.27,2.641,-0.252
C,Gas,2022-03-28T18:00Z,358,656.1285,154.0474,241.4028,0.638,2.641,-0.171
C,Gas,2022-03-28T19:00Z,358,829.897,249.3567,241.4028,1.033,2.641,-0.054
C,Gas,2022-03-28T20:00Z,359,968.774,94.8944,241.4028,0.393,2.641,0.04
C,Gas,2022-03-28T21:00Z,359,991.325,222.9442,241.4028,0.924,2.641,0.055
C,Gas,2022-03-28T22:00Z,359,1161.834,175.5108,241.4028,0.727,2.641,0.17
C,Gas,2022-03-28T23:00Z,360,1348.241,169.198,241.4028,0.701,2.641,0.295
D,Gas,2022-03-26T00:00Z,359,9206.3779,1702.1102,441.0844,3.859,2.999,3.105
D,Gas,2022-03-26T01:00Z,359,10025.0449,547.841,441.0844,1.242,2.999,3.436
D,Gas,2022-03-26T02:00Z,360,9051.1694,1571.8613,441.0844,3.564,2.999,3.042
D,Gas,2022-03-26T03:00Z,359,8789.0703,472.1256,441.0844,1.07,2.999,2.936
D,Gas,2022-03-26T04:00Z,359,6961.958,2037.4727,441.0844,4.619,2.999,2.196
D,Gas,2022-03-26T05:00Z,359,5792.2651,1011.6905,441.0844,2.294,2.999,1.722
D,Gas,2022-03-26T06:00Z,359,4771.293,3431.7249,441.0844,7.78,2.999,1.309
D,Gas,2022-03-26T07:00Z,359,8024.9829,703.3787,441.0844,1.595,2.999,2.626
D,Gas,2022-03-26T08:00Z,360,4261.3308,4986.49,441.0844,11.305,2.999,1.102
D,Gas,2022-03-26T09:00Z,359,2053.686,586.8542,441.0844,1.33,2.999,0.209
D,Gas,2022-03-26T10:00Z,359,2178.134,335.7448,441.0844,0.761,2.999,0.259
D,Gas,2022-03-26T11:00Z,359,2101.606,298.6473,441.0844,0.677,2.999,0.228
D,Gas,2022-03-26T12:00Z,359,2193.866,222.062,441.0844,0.503,2.999,0.265
D,Gas,2022-03-26T13:00Z,360,400.0,1478.1759,441.0844,3.351,2.999,-0.461
D,Gas,2022-03-26T14:00Z,359,598.055,438.5838,441.0844,0.994,2.999,-0.381
D,Gas,2022-03-26T15:00Z,359,1183.948,773.5036,441.0844,1.754,2.999,-0.144
D,Gas,2022-03-26T16:00Z,359,991.652,1197.1264,441.0844,2.714,2.999,-0.222
D,Gas,2022-03-26T17:00Z,359,1526.051,4538.9219,441.0844,10.29,2.999,-0.005
D,Gas,2022-03-26T18:00Z,360,8332.6021,2605.0049,441.0844,5.906,2.999,2.751
D,Gas,2022-03-26T19:00Z,359,9915.9971,1081.9314,441.0844,2.453,2.999,3.392
D,Gas,2022-03-26T20:00Z,359,11095.709,637.9219,441.0844,1.446,2.999,3.87
D,Gas,2022-03-26T21:00Z,359,11122.5059,380.4844,441.0844,0.863,2.999,3.881
D,Gas,2022-03-26T22:00Z,359,10783.2217,150.1176,441.0844,0.34,2.999,3.743
D,Gas,2022-03-26T23:00Z,360,10693.2534,231.0238,441.0844,0.524,2.999,3.707
D,Gas,2022-03-27T00:00Z,359,10768.873,82.292,441.0844,0.187,2.999,3.738
D,Gas,2022-03-27T01:00Z,359,10615.8896,217.7916,441.0844,0.494,2.999,3.676
D,Gas,2022-03-27T02:00Z,359,10199.2686,372.0652,441.0844,0.844,2.999,3.507
D,Gas,2022-03-27T03:00Z,359,9705.7656,360.6607,441.0844,0.818,2.999,3.307
D,Gas,2022-03-27T04:00Z,360,9440.063,338.5795,441.0844,0.768,2.999,3.199
D,Gas,2022-03-27T05:00Z,359,8957.0557,380.8854,441.0844,0.864,2.999,3.004
D,Gas,2022-03-27T06:00Z,359,7675.3682,340.2724,441.0844,0.771,2.999,2.485
D,Gas,2022-03-27T07:00Z,359,7617.645,107.8724,441.0844,0.245,2.999,2.462
D,Gas,2022-03-27T08:00Z,359,7083.2021,395.7378,441.0844,0.897,2.999,2.245
D,Gas,2022-03-27T09:00Z,359,7050.603,373.4453,441.0844,0.847,2.999,2.232
D,Gas,2022-03-27T10:00Z,359,6943.8408,276.1576,441.0844,0.626,2.999,2.189
D,Gas,2022-03-27T11:00Z,360,6829.1765,464.3543,441.0844,1.053,2.999,2.142
D,Gas,2022-03-27T12:00Z,359,6518.5229,274.6262,441.0844,0.623,2.999,2.016
D,Gas,2022-03-27T13:00Z,359,4725.0781,1721.1264,441.0844,3.902,2.999,1.29
D,Gas,2022-03-27T14:00Z,359,5146.5532,841.1578,441.0844,1.907,2.999,1.461
D,Gas,2022-03-27T15:00Z,359,4473.9341,859.2941,441.0844,1.948,2.999,1.189
D,Gas,2022-03-27T16:00Z,360,5400.9084,409.303,441.0844,0.928,2.999,1.564
D,Gas,2022-03-27T17:00Z,359,5891.3662,368.7986,441.0844,0.836,2.999,1.763
D,Gas,2022-03-27T18:00Z,359,6886.6699,408.1547,441.0844,0.925,2.999,2.166
D,Gas,2022-03-27T19:00Z,359,7058.752,132.3983,441.0844,0.3,2.999,2.235
D,Gas,2022-03-27T20:00Z,359,6844.0811,169.0737,441.0844,0.383,2.999,2.148
D,Gas,2022-03-27T21:00Z,360,6493.2012,335.8241,441.0844,0.761,2.999,2.006
D,Gas,2022-03-27T22:00Z,359,5992.3052,452.1267,441.0844,1.025,2.999,1.803
D,Gas,2022-03-27T23:00Z,359,5532.979,248.6878,441.0844,0.564,2.999,1.617
D,Gas,2022-03-28T00:00Z,359,5196.3179,417.4421,441.0844,0.946,2.999,1.481
D,Gas,2022-03-28T01:00Z,359,5306.063,499.9772,441.0844,1.134,2.999,1.526
D,Gas,2022-03-28T02:00Z,359,5016.2158,302.0926,441.0844,0.685,2.999,1.408
D,Gas,2022-03-28T03:00Z,360,4939.4004,394.9854,441.0844,0.895,2.999,1.377
D,Gas,2022-03-28T04:00Z,359,4977.5449,571.1727,441.0844,1.295,2.999,1.392
D,Gas,2022-03-28T05:00Z,359,5468.5459,114.4659,441.0844,0.26,2.999,1.591
D,Gas,2022-03-28T06:00Z,359,5397.0718,242.348,441.0844,0.549,2.999,1.562
D,Gas,2022-03-28T07:00Z,359,5132.9092,53.869,441.0844,0.122,2.999,1.455
D,Gas,2022-03-28T08:00Z,359,4906.9839,416.9796,441.0844,0.945,2.999,1.364
D,Gas,2022-03-28T09:00Z,360,4490.1697,293.5778,441.0844,0.666,2.999,1.195
D,Gas,2022-03-28T10:00Z,359,4122.9082,588.3756,441.0844,1.334,2.999,1.046
D,Gas,2022-03-28T11:00Z,359,2993.397,1166.2191,441.0844,2.644,2.999,0.589
D,Gas,2022-03-28T12:00Z,359,1486.201,1630.6138,441.0844,3.697,2.999,-0.021
D,Gas,2022-03-28T13:00Z,360,1465.2355,859.8492,441.0844,1.949,2.999,-0.03
D,Gas,2022-03-28T14:00Z,359,1879.806,669.7924,441.0844,1.519,2.999,0.138
D,Gas,2022-03-28T15:00Z,359,877.954,667.3223,441.0844,1.513,2.999,-0.268
D,Gas,2022-03-28T16:00Z,360,1290.287,1196.585,441.0844,2.713,2.999,-0.101
D,Gas,2022-03-28T17:00Z,359,2389.2009,528.975,441.0844,1.199,2.999,0.344
D,Gas,2022-03-28T18:00Z,359,3317.8799,765.0892,441.0844,1.735,2.999,0.72
D,Gas,2022-03-28T19:00Z,359,3833.459,386.3801,441.0844,0.876,2.999,0.929
D,Gas,2022-03-28T20:00Z,359,3966.4041,206.3318,441.0844,0.468,2.999,0.983
D,Gas,2022-03-28T21:00Z,360,3841.3324,302.7928,441.0844,0.686,2.999,0.932
D,Gas,2022-03-28T22:00Z,359,3998.3101,287.6428,441.0844,0.652,2.999,0.996
D,Gas,2022-03-28T23:00Z,359,4041.2881,390.7128,441.0844,0.886,2.999,1.013
E,Gas,2022-03-26T00:00Z,359,6755.2139,1640.4432,425.7756,3.853,3.682,2.035
E,Gas,2022-03-26T01:00Z,359,7639.2778,863.809,425.7756,2.029,3.682,2.379
E,Gas,2022-03-26T02:00Z,360,7098.8828,1410.8034,425.7756,3.313,3.682,2.169
E,Gas,2022-03-26T03:00Z,359,6905.2192,467.9008,425.7756,1.099,3.682,2.094
E,Gas,2022-03-26T04:00Z,359,5600.854,1278.5013,425.7756,3.003,3.682,1.587
E,Gas,2022-03-26T05:00Z,359,4785.0269,1014.5246,425.7756,2.383,3.682,1.27
E,Gas,2022-03-26T06:00Z,359,2665.7141,3281.9324,425.7756,7.708,3.682,0.446
E,Gas,2022-03-26T07:00Z,359,5812.3818,880.9354,425.7756,2.069,3.682,1.669
E,Gas,2022-03-26T08:00Z,360,2300.5095,5090.0157,425.7756,11.955,3.682,0.304
E,Gas,2022-03-26T09:00Z,359,531.443,97.2382,425.7756,0.228,3.682,-0.384
E,Gas,2022-03-26T10:00Z,359,606.577,372.2212,425.7756,0.874,3.682,-0.354
E,Gas,2022-03-26T11:00Z,359,512.707,53.9288,425.7756,0.127,3.682,-0.391
E,Gas,2022-03-26T12:00Z,360,535.036,84.1773,425.7756,0.198,3.682,-0.382
E,Gas,2022-03-26T13:00Z,359,505.511,77.9012,425.7756,0.183,3.682,-0.394
E,Gas,2022-03-26T14:00Z,359,537.342,165.4302,425.7756,0.389,3.682,-0.381
E,Gas,2022-03-26T15:00Z,360,571.539,152.2953,425.7756,0.358,3.682,-0.368
E,Gas,2022-03-26T16:00Z,359,537.736,238.462,425.7756,0.56,3.682,-0.381
E,Gas,2022-03-26T17:00Z,359,867.015,1266.8594,425.7756,2.975,3.682,-0.253
E,Gas,2022-03-26T18:00Z,359,6279.2969,3436.8237,425.7756,8.072,3.682,1.85
E,Gas,2022-03-26T19:00Z,360,8275.5957,449.0895,425.7756,1.055,3.682,2.626
E,Gas,2022-03-26T20:00Z,359,9143.4512,573.1314,425.7756,1.346,3.682,2.964
E,Gas,2022-03-26T21:00Z,359,9323.9297,314.4383,425.7756,0.739,3.682,3.034
E,Gas,2022-03-26T22:00Z,359,8966.1504,108.9092,425.7756,0.256,3.682,2.895
E,Gas,2022-03-26T23:00Z,360,9012.1938,103.9049,425.7756,0.244,3.682,2.913
E,Gas,2022-03-27T00:00Z,359,9324.5322,248.8748,425.7756,0.585,3.682,3.034
E,Gas,2022-03-27T01:00Z,359,9419.0225,162.8434,425.7756,0.382,3.682,3.071
E,Gas,2022-03-27T02:00Z,359,9157.6992,146.3301,425.7756,0.344,3.682,2.969
E,Gas,2022-03-27T03:00Z,359,8953.9941,297.7773,425.7756,0.699,3.682,2.89
E,Gas,2022-03-27T04:00Z,360,9037.7456,471.3691,425.7756,1.107,3.682,2.922
E,Gas,2022-03-27T05:00Z,359,7980.688,609.9604,425.7756,1.433,3.682,2.512
E,Gas,2022-03-27T06:00Z,359,6266.6152,663.1244,425.7756,1.557,3.682,1.845
E,Gas,2022-03-27T07:00Z,359,6282.48,133.0185,425.7756,0.312,3.682,1.852
E,Gas,2022-03-27T08:00Z,359,5809.4971,374.9849,425.7756,0.881,3.682,1.668
E,Gas,2022-03-27T09:00Z,359,5893.1709,322.6657,425.7756,0.758,3.682,1.7
E,Gas,2022-03-27T10:00Z,360,5773.8735,322.3662,425.7756,0.757,3.682,1.654
E,Gas,2022-03-27T11:00Z,359,5962.5581,291.5762,425.7756,0.685,3.682,1.727
E,Gas,2022-03-27T12:00Z,359,5388.1431,558.282,425.7756,1.311,3.682,1.504
E,Gas,2022-03-27T13:00Z,359,4882.1519,184.7694,425.7756,0.434,3.682,1.307
E,Gas,2022-03-27T14:00Z,359,4611.4238,194.2716,425.7756,0.456,3.682,1.202
E,Gas,2022-03-27T15:00Z,360,4750.4885,255.0184,425.7756,0.599,3.682,1.256
E,Gas,2022-03-27T16:00Z,359,4664.6802,306.2091,425.7756,0.719,3.682,1.223
E,Gas,2022-03-27T17:00Z,359,5256.3721,332.5332,425.7756,0.781,3.682,1.453
E,Gas,2022-03-27T18:00Z,359,6594.603,755.4912,425.7756,1.774,3.682,1.973
E,Gas,2022-03-27T19:00Z,360,6677.3416,107.1936,425.7756,0.252,3.682,2.005
E,Gas,2022-03-27T20:00Z,359,6511.6929,105.7786,425.7756,0.248,3.682,1.941
E,Gas,2022-03-27T21:00Z,359,6200.6611,300.4687,425.7756,0.706,3.682,1.82
E,Gas,2022-03-27T22:00Z,359,5753.3892,390.6674,425.7756,0.918,3.682,1.646
E,Gas,2022-03-27T23:00Z,359,5362.1328,247.9244,425.7756,0.582,3.682,1.494
E,Gas,2022-03-28T00:00Z,360,5085.2759,303.4249,425.7756,0.713,3.682,1.386
E,Gas,2022-03-28T01:00Z,359,5244.6582,445.0271,425.7756,1.045,3.682,1.448
E,Gas,2022-03-28T02:00Z,359,5007.3862,233.9462,425.7756,0.549,3.682,1.356
E,Gas,2022-03-28T03:00Z,359,4950.4819,352.5196,425.7756,0.828,3.682,1.334
E,Gas,2022-03-28T04:00Z,359,4863.498,467.3094,425.7756,1.098,3.682,1.3
E,Gas,2022-03-28T05:00Z,359,5316.1382,94.1828,425.7756,0.221,3.682,1.476
E,Gas,2022-03-28T06:00Z,360,5226.0371,210.6331,425.7756,0.495,3.682,1.441
E,Gas,2022-03-28T07:00Z,359,4961.874,52.8453,425.7756,0.124,3.682,1.338
E,Gas,2022-03-28T08:00Z,359,4733.2651,480.8534,425.7756,1.129,3.682,1.25
E,Gas,2022-03-28T09:00Z,359,4293.6821,213.3342,425.7756,0.501,3.682,1.079
E,Gas,2022-03-28T10:00Z,359,4093.127,1125.0231,425.7756,2.642,3.682,1.001
E,Gas,2022-03-28T11:00Z,360,2691.4181,1258.2972,425.7756,2.955,3.682,0.456
E,Gas,2022-03-28T12:00Z,359,743.563,978.0394,425.7756,2.297,3.682,-0.301
E,Gas,2022-03-28T13:00Z,360,518.3415,54.1513,425.7756,0.127,3.682,-0.389
E,Gas,2022-03-28T14:00Z,359,573.922,93.2356,425.7756,0.219,3.682,-0.367
E,Gas,2022-03-28T15:00Z,359,515.567,140.8516,425.7756,0.331,3.682,-0.39
E,Gas,2022-03-28T16:00Z,360,1201.93,1333.5819,425.7756,3.132,3.682,-0.123
E,Gas,2022-03-28T17:00Z,359,2272.137,356.5107,425.7756,0.837,3.682,0.293
E,Gas,2022-03-28T18:00Z,359,3777.4121,623.4552,425.7756,1.464,3.682,0.878
E,Gas,2022-03-28T19:00Z,359,3989.166,279.6108,425.7756,0.657,3.682,0.96
E,Gas,2022-03-28T20:00Z,360,3866.002,190.7004,425.7756,0.448,3.682,0.912
E,Gas,2022-03-28T21:00Z,359,3686.9629,265.2482,425.7756,0.623,3.682,0.843
E,Gas,2022-03-28T22:00Z,359,3827.1211,235.8842,425.7756,0.554,3.682,0.897
E,Gas,2022-03-28T23:00Z,359,3843.9431,346.5422,425.7756,0.814,3.682,0.904
F,Gas,2022-03-26T00:00Z,359,600.96,472.0514,229.7074,2.055,2.619,-0.264
F,Gas,2022-03-26T01:00Z,359,1043.896,351.7336,229.7074,1.531,2.619,0.069
F,Gas,2022-03-26T02:00Z,359,729.974,581.276,229.7074,2.531,2.619,-0.167
F,Gas,2022-03-26T03:00Z,359,755.116,269.2624,229.7074,1.172,2.619,-0.148
F,Gas,2022-03-26T04:00Z,360,508.7305,109.7225,229.7074,0.478,2.619,-0.334
F,Gas,2022-03-26T05:00Z,359,533.611,145.4988,229.7074,0.633,2.619,-0.315
F,Gas,2022-03-26T06:00Z,359,550.107,1149.762,229.7074,5.005,2.619,-0.303
F,Gas,2022-03-26T07:00Z,359,1970.936,336.3791,229.7074,1.464,2.619,0.767
F,Gas,2022-03-26T08:00Z,359,680.797,1511.3912,229.7074,6.58,2.619,-0.204
F,Gas,2022-03-26T09:00Z,359,520.939,93.5552,229.7074,0.407,2.619,-0.325
F,Gas,2022-03-26T10:00Z,360,1186.954,671.1807,229.7074,2.922,2.619,0.177
F,Gas,2022-03-26T11:00Z,359,1071.407,347.0164,229.7074,1.511,2.619,0.09
F,Gas,2022-03-26T12:00Z,359,976.839,290.0278,229.7074,1.263,2.619,0.019
F,Gas,2022-03-26T13:00Z,359,945.154,169.2916,229.7074,0.737,2.619,-0.005
F,Gas,2022-03-26T14:00Z,359,957.459,221.4816,229.7074,0.964,2.619,0.004
F,Gas,2022-03-26T15:00Z,360,1032.4675,390.7066,229.7074,1.701,2.619,0.06
F,Gas,2022-03-26T16:00Z,359,617.263,195.1162,229.7074,0.849,2.619,-0.252
F,Gas,2022-03-26T17:00Z,359,1280.321,1242.168,229.7074,5.408,2.619,0.247
F,Gas,2022-03-26T18:00Z,359,2229.3811,279.3716,229.7074,1.216,2.619,0.961
F,Gas,2022-03-26T19:00Z,359,2183.769,65.8783,229.7074,0.287,2.619,0.927
F,Gas,2022-03-26T20:00Z,360,2409.1205,198.0072,229.7074,0.862,2.619,1.096
F,Gas,2022-03-26T21:00Z,359,2370.5081,130.2568,229.7074,0.567,2.619,1.067
F,Gas,2022-03-26T22:00Z,359,2353.0769,61.2875,229.7074,0.267,2.619,1.054
F,Gas,2022-03-26T23:00Z,359,2393.2419,61.106,229.7074,0.266,2.619,1.084
F,Gas,2022-03-27T00:00Z,359,2502.938,79.3181,229.7074,0.345,2.619,1.167
F,Gas,2022-03-27T01:00Z,356,2502.5785,51.0175,229.7074,0.222,2.619,1.167
F,Gas,2022-03-27T02:00Z,359,2408.9851,127.8527,229.7074,0.557,2.619,1.096
F,Gas,2022-03-27T03:00Z,359,2264.947,93.0461,229.7074,0.405,2.619,0.988
F,Gas,2022-03-27T04:00Z,359,2211.303,109.5162,229.7074,0.477,2.619,0.948
F,Gas,2022-03-27T05:00Z,359,2038.297,137.7998,229.7074,0.6,2.619,0.817
F,Gas,2022-03-27T06:00Z,360,1531.3065,173.978,229.7074,0.757,2.619,0.436
F,Gas,2022-03-27T07:00Z,359,1577.343,142.0154,229.7074,0.618,2.619,0.47
F,Gas,2022-03-27T08:00Z,359,1407.2209,193.6486,229.7074,0.843,2.619,0.342
F,Gas,2022-03-27T09:00Z,359,1409.668,194.6027,229.7074,0.847,2.619,0.344
F,Gas,2022-03-27T10:00Z,359,1527.573,149.6705,229.7074,0.652,2.619,0.433
F,Gas,2022-03-27T11:00Z,359,1747.7679,244.2466,229.7074,1.063,2.619,0.599
F,Gas,2022-03-27T12:00Z,360,1891.3165,274.3707,229.7074,1.194,2.619,0.707
F,Gas,2022-03-27T13:00Z,359,2537.5239,287.811,229.7074,1.253,2.619,1.193
F,Gas,2022-03-27T14:00Z,359,2502.291,84.8669,229.7074,0.369,2.619,1.167
F,Gas,2022-03-27T15:00Z,359,2404.5459,371.7705,229.7074,1.618,2.619,1.093
F,Gas,2022-03-27T16:00Z,359,2082.415,243.8149,229.7074,1.061,2.619,0.851
F,Gas,2022-03-27T17:00Z,360,1889.3075,139.9235,229.7074,0.609,2.619,0.705
F,Gas,2022-03-27T18:00Z,359,2105.2871,61.6579,229.7074,0.268,2.619,0.868
F,Gas,2022-03-27T19:00Z,359,2126.699,74.3767,229.7074,0.324,2.619,0.884
F,Gas,2022-03-27T20:00Z,359,2024.093,61.9028,229.7074,0.269,2.619,0.807
F,Gas,2022-03-27T21:00Z,359,2050.021,62.7121,229.7074,0.273,2.619,0.826
F,Gas,2022-03-27T22:00Z,359,1905.125,168.0838,229.7074,0.732,2.619,0.717
F,Gas,2022-03-27T23:00Z,360,1722.4215,135.0527,229.7074,0.588,2.619,0.58
F,Gas,2022-03-28T00:00Z,359,1567.296,147.1668,229.7074,0.641,2.619,0.463
F,Gas,2022-03-28T01:00Z,359,1521.014,79.8093,229.7074,0.347,2.619,0.428
F,Gas,2022-03-28T02:00Z,359,1442.283,62.4386,229.7074,0.272,2.619,0.369
F,Gas,2022-03-28T03:00Z,359,1428.538,70.6316,229.7074,0.307,2.619,0.358
F,Gas,2022-03-28T04:00Z,359,1415.192,99.864,229.7074,0.435,2.619,0.348
F,Gas,2022-03-28T05:00Z,360,1516.383,29.5052,229.7074,0.128,2.619,0.425
F,Gas,2022-03-28T06:00Z,359,1521.994,38.5922,229.7074,0.168,2.619,0.429
F,Gas,2022-03-28T07:00Z,359,1506.417,81.1846,229.7074,0.353,2.619,0.417
F,Gas,2022-03-28T08:00Z,359,1537.2321,112.1324,229.7074,0.488,2.619,0.44
F,Gas,2022-03-28T09:00Z,359,1473.984,128.3509,229.7074,0.559,2.619,0.393
F,Gas,2022-03-28T10:00Z,360,1482.664,279.3693,229.7074,1.216,2.619,0.399
F,Gas,2022-03-28T11:00Z,358,1347.175,350.7037,229.7074,1.527,2.619,0.297
F,Gas,2022-03-28T12:00Z,359,931.293,160.192,229.7074,0.697,2.619,-0.016
F,Gas,2022-03-28T13:00Z,359,865.665,130.6416,229.7074,0.569,2.619,-0.065
F,Gas,2022-03-28T14:00Z,357,1043.115,199.4062,229.7074,0.868,2.619,0.068
F,Gas,2022-03-28T15:00Z,359,641.178,325.6118,229.7074,1.418,2.619,-0.234
F,Gas,2022-03-28T16:00Z,359,535.409,61.6402,229.7074,0.268,2.619,-0.314
F,Gas,2022-03-28T17:00Z,359,557.11,52.2304,229.7074,0.227,2.619,-0.297
F,Gas,2022-03-28T18:00Z,360,654.7985,156.7436,229.7074,0.682,2.619,-0.224
F,Gas,2022-03-28T19:00Z,359,900.162,208.2964,229.7074,0.907,2.619,-0.039
F,Gas,2022-03-28T20:00Z,359,1071.219,54.7865,229.7074,0.239,2.619,0.09
F,Gas,2022-03-28T21:00Z,359,1091.949,194.0974,229.7074,0.845,2.619,0.105
F,Gas,2022-03-28T22:00Z,359,1202.514,165.4783,229.7074,0.72,2.619,0.188
F,Gas,2022-03-28T23:00Z,360,1203.3085,197.5038,229.7074,0.86,2.619,0.189
G,Gas,2022-03-26T00:00Z,359,3702.7329,817.3667,165.1802,4.948,3.269,1.632
G,Gas,2022-03-26T01:00Z,359,3844.303,196.9062,165.1802,1.192,3.269,1.714
G,Gas,2022-03-26T02:00Z,359,3508.145,658.0954,165.1802,3.984,3.269,1.518
G,Gas,2022-03-26T03:00Z,359,3262.8301,163.1307,165.1802,0.988,3.269,1.376
G,Gas,2022-03-26T04:00Z,359,2615.303,850.6723,165.1802,5.15,3.269,0.999
G,Gas,2022-03-26T05:00Z,359,2004.7629,381.0653,165.1802,2.307,3.269,0.643
G,Gas,2022-03-26T06:00Z,359,853.918,1559.4654,165.1802,9.441,3.269,-0.027
G,Gas,2022-03-26T07:00Z,359,2455.959,399.2112,165.1802,2.417,3.269,0.906
G,Gas,2022-03-26T08:00Z,360,653.1235,1870.3775,165.1802,11.323,3.269,-0.144
G,Gas,2022-03-26T09:00Z,358,511.0405,37.0697,165.1802,0.224,3.269,-0.226
G,Gas,2022-03-26T10:00Z,359,512.496,54.768,165.1802,0.332,3.269,-0.226
G,Gas,2022-03-26T11:00Z,359,527.088,39.9978,165.1802,0.242,3.269,-0.217
G,Gas,2022-03-26T12:00Z,357,582.02,101.929,165.1802,0.617,3.269,-0.185
G,Gas,2022-03-26T13:00Z,360,521.375,88.7753,165.1802,0.537,3.269,-0.22
G,Gas,2022-03-26T14:00Z,359,523.671,44.618,165.1802,0.27,3.269,-0.219
G,Gas,2022-03-26T15:00Z,358,515.0805,42.436,165.1802,0.257,3.269,-0.224
G,Gas,2022-03-26T16:00Z,359,559.083,114.5854,165.1802,0.694,3.269,-0.198
G,Gas,2022-03-26T17:00Z,359,4336.9702,4617.4436,165.1802,27.954,3.269,2.001
G,Gas,2022-03-26T18:00Z,360,5968.9924,754.9177,165.1802,4.57,3.269,2.951
G,Gas,2022-03-26T19:00Z,359,5408.5469,302.2156,165.1802,1.83,3.269,2.625
G,Gas,2022-03-26T20:00Z,359,5186.1592,129.8959,165.1802,0.786,3.269,2.495
G,Gas,2022-03-26T21:00Z,358,4910.3555,329.3906,165.1802,1.994,3.269,2.335
G,Gas,2022-03-26T22:00Z,359,4597.1421,161.7134,165.1802,0.979,3.269,2.152
G,Gas,2022-03-26T23:00Z,359,4497.7368,114.2329,165.1802,0.692,3.269,2.095
G,Gas,2022-03-27T00:00Z,359,4473.4971,35.3494,165.1802,0.214,3.269,2.08
G,Gas,2022-03-27T01:00Z,358,4382.582,125.8111,165.1802,0.762,3.269,2.028
G,Gas,2022-03-27T02:00Z,359,4179.7129,186.7424,165.1802,1.131,3.269,1.909
G,Gas,2022-03-27T03:00Z,359,3940.731,176.0224,165.1802,1.066,3.269,1.77
G,Gas,2022-03-27T04:00Z,360,3804.9485,96.4052,165.1802,0.584,3.269,1.691
G,Gas,2022-03-27T05:00Z,359,3563.655,240.9426,165.1802,1.459,3.269,1.551
G,Gas,2022-03-27T06:00Z,359,2420.864,536.8716,165.1802,3.25,3.269,0.885
G,Gas,2022-03-27T07:00Z,359,2158.981,107.4699,165.1802,0.651,3.269,0.733
G,Gas,2022-03-27T08:00Z,359,2080.4109,142.7648,165.1802,0.864,3.269,0.687
G,Gas,2022-03-27T09:00Z,359,2063.4951,119.741,165.1802,0.725,3.269,0.677
G,Gas,2022-03-27T10:00Z,359,2003.2469,225.3409,165.1802,1.364,3.269,0.642
G,Gas,2022-03-27T11:00Z,357,2160.5759,130.3798,165.1802,0.789,3.269,0.734
G,Gas,2022-03-27T12:00Z,359,1954.33,1762.9785,165.1802,10.673,3.269,0.614
G,Gas,2022-03-27T13:00Z,359,3317.2219,234.2958,165.1802,1.418,3.269,1.407
G,Gas,2022-03-27T14:00Z,359,2876.8149,276.0973,165.1802,1.671,3.269,1.151
G,Gas,2022-03-27T15:00Z,360,2544.5234,401.1845,165.1802,2.429,3.269,0.957
G,Gas,2022-03-27T16:00Z,359,2327.636,80.3286,165.1802,0.486,3.269,0.831
G,Gas,2022-03-27T17:00Z,359,2393.303,254.3601,165.1802,1.54,3.269,0.869
G,Gas,2022-03-27T18:00Z,359,3471.55,320.9556,165.1802,1.943,3.269,1.497
G,Gas,2022-03-27T19:00Z,359,3423.2759,72.7803,165.1802,0.441,3.269,1.469
G,Gas,2022-03-27T20:00Z,360,3332.7096,59.6292,165.1802,0.361,3.269,1.416
G,Gas,2022-03-27T21:00Z,359,3133.1509,252.4541,165.1802,1.528,3.269,1.3
G,Gas,2022-03-27T22:00Z,359,2791.7229,281.2615,165.1802,1.703,3.269,1.101
G,Gas,2022-03-27T23:00Z,359,2482.9551,197.4143,165.1802,1.195,3.269,0.922
G,Gas,2022-03-28T00:00Z,357,2269.718,203.9269,165.1802,1.235,3.269,0.797
G,Gas,2022-03-28T01:00Z,359,2237.22,162.0727,165.1802,0.981,3.269,0.779
G,Gas,2022-03-28T02:00Z,360,2127.756,121.5124,165.1802,0.736,3.269,0.715
G,Gas,2022-03-28T03:00Z,359,2094.9861,161.3449,165.1802,0.977,3.269,0.696
G,Gas,2022-03-28T04:00Z,359,2062.8799,236.6491,165.1802,1.433,3.269,0.677
G,Gas,2022-03-28T05:00Z,359,2340.323,28.5375,165.1802,0.173,3.269,0.839
G,Gas,2022-03-28T06:00Z,357,2308.616,166.0588,165.1802,1.005,3.269,0.82
G,Gas,2022-03-28T07:00Z,359,2185.873,85.7314,165.1802,0.519,3.269,0.749
G,Gas,2022-03-28T08:00Z,359,2172.2109,185.4995,165.1802,1.123,3.269,0.741
G,Gas,2022-03-28T09:00Z,359,1953.51,155.1334,165.1802,0.939,3.269,0.613
G,Gas,2022-03-28T10:00Z,358,1683.3825,201.4722,165.1802,1.22,3.269,0.456
G,Gas,2022-03-28T11:00Z,359,1273.639,692.4014,165.1802,4.192,3.269,0.218
G,Gas,2022-03-28T12:00Z,360,515.275,150.6646,165.1802,0.912,3.269,-0.224
G,Gas,2022-03-28T13:00Z,357,514.175,65.7826,165.1802,0.398,3.269,-0.225
G,Gas,2022-03-28T14:00Z,356,551.613,51.863,165.1802,0.314,3.269,-0.203
G,Gas,2022-03-28T15:00Z,359,507.632,47.6906,165.1802,0.289,3.269,-0.228
G,Gas,2022-03-28T16:00Z,360,634.0275,208.328,165.1802,1.261,3.269,-0.155
G,Gas,2022-03-28T17:00Z,359,887.198,212.7758,165.1802,1.288,3.269,-0.007
G,Gas,2022-03-28T18:00Z,359,2113.092,650.1421,165.1802,3.936,3.269,0.706
G,Gas,2022-03-28T19:00Z,359,2390.0869,59.571,165.1802,0.361,3.269,0.868
G,Gas,2022-03-28T20:00Z,359,2402.1379,68.0344,165.1802,0.412,3.269,0.875
G,Gas,2022-03-28T21:00Z,360,2292.812,45.2875,165.1802,0.274,3.269,0.811
G,Gas,2022-03-28T22:00Z,359,2310.4319,102.783,165.1802,0.622,3.269,0.821
G,Gas,2022-03-28T23:00Z,359,2325.2939,102.3271,165.1802,0.619,3.269,0.83
H,Gas,2022-03-26T00:00Z,359,7237.48,1628.692,440.7058,3.696,3.481,1.545
H,Gas,2022-03-26T01:00Z,359,7749.7549,695.2107,440.7058,1.577,3.481,1.686
H,Gas,2022-03-26T02:00Z,359,7123.6992,1400.2454,440.7058,3.177,3.481,1.514
H,Gas,2022-03-26T03:00Z,359,6722.3281,415.5555,440.7058,0.943,3.481,1.404
H,Gas,2022-03-26T04:00Z,359,5400.083,1882.0811,440.7058,4.271,3.481,1.041
H,Gas,2022-03-26T05:00Z,360,4199.552,510.1243,440.7058,1.158,3.481,0.711
H,Gas,2022-03-26T06:00Z,359,3198.3369,2199.1298,440.7058,4.99,3.481,0.436
H,Gas,2022-03-26T07:00Z,359,6184.7632,535.1961,440.7058,1.214,3.481,1.256
H,Gas,2022-03-26T08:00Z,359,3840.085,4037.6204,440.7058,9.162,3.481,0.613
H,Gas,2022-03-26T09:00Z,359,1870.528,486.4237,440.7058,1.104,3.481,0.072
H,Gas,2022-03-26T10:00Z,360,1728.621,558.6147,440.7058,1.268,3.481,0.033
H,Gas,2022-03-26T11:00Z,359,1135.098,400.9828,440.7058,0.91,3.481,-0.13
H,Gas,2022-03-26T12:00Z,359,545.328,397.2154,440.7058,0.901,3.481,-0.292
H,Gas,2022-03-26T13:00Z,359,509.897,36.9032,440.7058,0.084,3.481,-0.301
H,Gas,2022-03-26T14:00Z,359,530.194,62.189,440.7058,0.141,3.481,-0.296
H,Gas,2022-03-26T15:00Z,360,543.515,85.8454,440.7058,0.195,3.481,-0.292
H,Gas,2022-03-26T16:00Z,359,580.456,131.7338,440.7058,0.299,3.481,-0.282
H,Gas,2022-03-26T17:00Z,359,648.224,269.839,440.7058,0.612,3.481,-0.263
H,Gas,2022-03-26T18:00Z,359,2497.2419,1849.3672,440.7058,4.196,3.481,0.244
H,Gas,2022-03-26T19:00Z,359,4193.9941,908.4314,440.7058,2.061,3.481,0.71
H,Gas,2022-03-26T20:00Z,360,4963.0645,418.4897,440.7058,0.95,3.481,0.921
H,Gas,2022-03-26T21:00Z,359,5125.563,148.5856,440.7058,0.337,3.481,0.965
H,Gas,2022-03-26T22:00Z,359,4986.8999,160.6979,440.7058,0.365,3.481,0.927
H,Gas,2022-03-26T23:00Z,359,4986.9492,127.7085,440.7058,0.29,3.481,0.927
H,Gas,2022-03-27T00:00Z,359,5079.8901,182.3599,440.7058,0.414,3.481,0.953
H,Gas,2022-03-27T01:00Z,359,5146.3159,121.3702,440.7058,0.275,3.481,0.971
H,Gas,2022-03-27T02:00Z,360,4900.8176,248.6573,440.7058,0.564,3.481,0.904
H,Gas,2022-03-27T03:00Z,359,4629.9888,174.9468,440.7058,0.397,3.481,0.829
H,Gas,2022-03-27T04:00Z,359,4520.1221,162.9604,440.7058,0.37,3.481,0.799
H,Gas,2022-03-27T05:00Z,359,4210.3799,408.3203,440.7058,0.927,3.481,0.714
H,Gas,2022-03-27T06:00Z,359,3535.2029,308.4899,440.7058,0.7,3.481,0.529
H,Gas,2022-03-27T07:00Z,360,3580.8674,129.294,440.7058,0.293,3.481,0.541
H,Gas,2022-03-27T08:00Z,359,2986.804,321.1941,440.7058,0.729,3.481,0.378
H,Gas,2022-03-27T09:00Z,359,3459.8259,346.1383,440.7058,0.785,3.481,0.508
H,Gas,2022-03-27T10:00Z,359,3612.583,109.9357,440.7058,0.249,3.481,0.55
H,Gas,2022-03-27T11:00Z,359,3523.1189,590.291,440.7058,1.339,3.481,0.526
H,Gas,2022-03-27T12:00Z,359,2731.564,288.3788,440.7058,0.654,3.481,0.308
H,Gas,2022-03-27T13:00Z,360,2385.0134,128.8072,440.7058,0.292,3.481,0.213
H,Gas,2022-03-27T14:00Z,359,2336.0161,172.9379,440.7058,0.392,3.481,0.2
H,Gas,2022-03-27T15:00Z,349,2675.8379,168.4372,440.7058,0.382,3.481,0.293
H,Gas,2022-03-27T16:00Z,359,2756.429,253.4143,440.7058,0.575,3.481,0.315
H,Gas,2022-03-27T17:00Z,359,3172.198,379.2886,440.7058,0.861,3.481,0.429
H,Gas,2022-03-27T18:00Z,360,4053.5236,456.5551,440.7058,1.036,3.481,0.671
H,Gas,2022-03-27T19:00Z,359,4205.9731,80.1357,440.7058,0.182,3.481,0.713
H,Gas,2022-03-27T20:00Z,359,4091.854,71.8301,440.7058,0.163,3.481,0.682
H,Gas,2022-03-27T21:00Z,359,3898.8101,230.5067,440.7058,0.523,3.481,0.629
H,Gas,2022-03-27T22:00Z,359,3494.2339,342.2578,440.7058,0.777,3.481,0.518
H,Gas,2022-03-27T23:00Z,360,3128.507,258.9393,440.7058,0.588,3.481,0.417
H,Gas,2022-03-28T00:00Z,359,2915.1919,287.592,440.7058,0.653,3.481,0.359
H,Gas,2022-03-28T01:00Z,359,2999.8679,452.9602,440.7058,1.028,3.481,0.382
H,Gas,2022-03-28T02:00Z,359,2838.5259,229.5997,440.7058,0.521,3.481,0.338
H,Gas,2022-03-28T03:00Z,359,2869.6021,311.5749,440.7058,0.707,3.481,0.346
H,Gas,2022-03-28T04:00Z,359,2800.719,585.4783,440.7058,1.329,3.481,0.327
H,Gas,2022-03-28T05:00Z,360,3431.7365,52.5647,440.7058,0.119,3.481,0.5
H,Gas,2022-03-28T06:00Z,359,3396.262,163.6291,440.7058,0.371,3.481,0.491
H,Gas,2022-03-28T07:00Z,359,3118.2991,119.7167,440.7058,0.272,3.481,0.414
H,Gas,2022-03-28T08:00Z,358,2940.1705,1127.5617,440.7058,2.559,3.481,0.366
H,Gas,2022-03-28T09:00Z,359,3026.7429,1794.3161,440.7058,4.071,3.481,0.389
H,Gas,2022-03-28T10:00Z,358,2261.0995,1075.5256,440.7058,2.44,3.481,0.179
H,Gas,2022-03-28T11:00Z,354,1057.684,967.622,440.7058,2.196,3.481,-0.151
H,Gas,2022-03-28T12:00Z,316,506.992,81.0315,440.7058,0.184,3.481,-0.302
H,Gas,2022-03-28T13:00Z,320,519.966,73.176,440.7058,0.166,3.481,-0.299
H,Gas,2022-03-28T14:00Z,268,529.479,155.1979,440.7058,0.352,3.481,-0.296
H,Gas,2022-03-28T15:00Z,268,685.8975,1219.6736,440.7058,2.768,3.481,-0.253
H,Gas,2022-03-28T16:00Z,291,2713.2971,841.291,440.7058,1.909,3.481,0.303
H,Gas,2022-03-28T17:00Z,359,3824.9009,205.0136,440.7058,0.465,3.481,0.608
H,Gas,2022-03-28T18:00Z,333,4725.0391,324.9481,440.7058,0.737,3.481,0.855
H,Gas,2022-03-28T19:00Z,340,5103.2529,106.1583,440.7058,0.241,3.481,0.959
H,Gas,2022-03-28T20:00Z,359,5033.4971,145.7528,440.7058,0.331,3.481,0.94
H,Gas,2022-03-28T21:00Z,359,4857.4141,119.1531,440.7058,0.27,3.481,0.892
H,Gas,2022-03-28T22:00Z,359,4888.728,193.4012,440.7058,0.439,3.481,0.9
H,Gas,2022-03-28T23:00Z,359,4780.2661,272.8277,440.7058,0.619,3.481,0.871
